{"zauzeca":{"periodicna":[{"dan":4,"semestar":"zimski","pocetak":"15:00","kraj":"18:00","naziv":"0-01","predavac":""},{"dan":0,"semestar":"ljetni","pocetak":"15:00","kraj":"18:00","naziv":"0-01","predavac":""},{"dan":0,"semestar":"zimski","pocetak":"10:00","kraj":"11:00","naziv":"1-11","predavac":"Neko Nekić profesor"}],"vanredna":[{"datum":"5.1.2020","pocetak":"15:00","kraj":"18:00","naziv":"0-01","predavac":""},{"datum":"1.4.2020","pocetak":"15:00","kraj":"18:00","naziv":"0-01","predavac":""},{"datum":"7.1.2020","pocetak":"15:00","kraj":"18:00","naziv":"0-01","predavac":""},{"datum":"8.1.2020","pocetak":"15:00","kraj":"18:00","naziv":"0-01","predavac":"Neko Nekić profesor"},{"datum":"9.1.2020","pocetak":"15:00","kraj":"18:00","naziv":"0-01","predavac":"Neko Nekić profesor"},{"datum":"1.1.2020","pocetak":"12:00","kraj":"16:00","naziv":"1-11","predavac":"Neko Nekić profesor"}]}}