{
    "periodicna": [
        {
            "dan": 0,
            "semestar": "zimski",
            "pocetak": "12:00",
            "kraj": "14:00",
            "naziv": "0-01",
            "predavac": "Zeljko Juric"
        },
        {
            "dan": 1,
            "semestar": "ljetni",
            "pocetak": "11:00",
            "kraj": "12:00",
            "naziv": "0-01",
            "predavac": "Zeljko Juric"
        },
        {
            "dan": 5,
            "semestar": "zimski",
            "pocetak": "12:00",
            "kraj": "14:00",
            "naziv": "0-01",
            "predavac": "Zeljko Juric"
        },
        {
            "dan": 5,
            "semestar": "zimski",
            "pocetak": "12:00",
            "kraj": "14:00",
            "naziv": "0-01",
            "predavac": "Zeljko Juric"
        },
        {
            "dan": 0,
            "semestar": "ljetni",
            "pocetak": "11:00",
            "kraj": "12:00",
            "naziv": "0-03",
            "predavac": "Zeljko Juric"
        },
        {
            "dan": 6,
            "semestar": "ljetni",
            "pocetak": "11:00",
            "kraj": "12:00",
            "naziv": "0-04",
            "predavac": "Zeljko Juric"
        }
    ],
    "vanredna": [
        {
            "datum": "11.06.2019",
            "pocetak": "12:00",
            "kraj": "13:00",
            "naziv": "0-01",
            "predavac": "Vedran Ljubovic"
        },
        {
            "datum": "14.11.2019",
            "pocetak": "10:00",
            "kraj": "12:00",
            "naziv": "0-01",
            "predavac": "Vedran Ljubovic"
        },
        {
            "datum": "13.08.2019",
            "pocetak": "10:00",
            "kraj": "13:00",
            "naziv": "0-01",
            "predavac": "Vedran Ljubovic"
        },
        {
            "datum": "29.08.2019",
            "pocetak": "10:00",
            "kraj": "13:00",
            "naziv": "0-01",
            "predavac": "Vedran Ljubovic"
        },
        {
            "datum": "31.08.2019",
            "pocetak": "10:00",
            "kraj": "13:00",
            "naziv": "0-01",
            "predavac": "Vedran Ljubovic"
        }
    ]
}