{
  "testId" : "1-mobilepocetna.gspec",
  "name" : "mobilePocetna.gspec",
  "report" : {
    "nodes" : [ {
      "name" : "Simple check",
      "status" : "info",
      "nodes" : [ {
        "name" : "check  mobilePocetna.gspec --url http://localhost/html/pocetna.html --size 600x768 --htmlreport izvjestajiPocetnaMobile",
        "status" : "info",
        "nodes" : [ {
          "name" : "Check layout: mobilePocetna.gspec included tags: ",
          "status" : "info",
          "time" : 1573657809376,
          "sections" : [ {
            "name" : "Meni section",
            "place" : {
              "filePath" : "mobileMeni.gspec",
              "lineNumber" : 12
            },
            "objects" : [ {
              "name" : "menu",
              "specs" : [ {
                "status" : "info",
                "place" : {
                  "filePath" : "mobileMeni.gspec",
                  "lineNumber" : 15
                },
                "name" : "width ~98 % of screen/width",
                "meta" : [ {
                  "from" : {
                    "object" : "menu",
                    "edge" : "left"
                  },
                  "to" : {
                    "object" : "menu",
                    "edge" : "right"
                  },
                  "expectedDistance" : "96 to 100% [547 to 570px]",
                  "realDistance" : "97% [554px]"
                } ],
                "highlight" : [ "menu" ]
              }, {
                "status" : "info",
                "place" : {
                  "filePath" : "mobileMeni.gspec",
                  "lineNumber" : 16
                },
                "name" : "contains menu_item-*",
                "highlight" : [ "menu", "menu_item-1", "menu_item-2", "menu_item-3", "menu_item-4", "menu_item-5" ]
              }, {
                "status" : "info",
                "place" : {
                  "filePath" : "mobileMeni.gspec",
                  "lineNumber" : 17
                },
                "name" : "contains partly logo",
                "highlight" : [ "menu", "logo" ]
              } ]
            }, {
              "name" : "logo",
              "specs" : [ {
                "status" : "info",
                "place" : {
                  "filePath" : "mobileMeni.gspec",
                  "lineNumber" : 20
                },
                "name" : "inside menu",
                "meta" : [ ],
                "highlight" : [ "logo", "menu" ]
              } ]
            }, {
              "name" : "menu_item-1",
              "specs" : [ {
                "status" : "info",
                "place" : {
                  "filePath" : "mobileMeni.gspec",
                  "lineNumber" : 24
                },
                "name" : "aligned vertically all menu_item-2",
                "highlight" : [ "menu_item-1", "menu_item-2" ]
              }, {
                "status" : "info",
                "place" : {
                  "filePath" : "mobileMeni.gspec",
                  "lineNumber" : 28
                },
                "name" : "text is \"Po�?etna\"",
                "highlight" : [ "menu_item-1" ]
              } ]
            }, {
              "name" : "menu_item-2",
              "specs" : [ {
                "status" : "info",
                "place" : {
                  "filePath" : "mobileMeni.gspec",
                  "lineNumber" : 24
                },
                "name" : "aligned vertically all menu_item-3",
                "highlight" : [ "menu_item-2", "menu_item-3" ]
              }, {
                "status" : "info",
                "place" : {
                  "filePath" : "mobileMeni.gspec",
                  "lineNumber" : 28
                },
                "name" : "text is \"Sale\"",
                "highlight" : [ "menu_item-2" ]
              } ]
            }, {
              "name" : "menu_item-3",
              "specs" : [ {
                "status" : "info",
                "place" : {
                  "filePath" : "mobileMeni.gspec",
                  "lineNumber" : 24
                },
                "name" : "aligned vertically all menu_item-4",
                "highlight" : [ "menu_item-3", "menu_item-4" ]
              }, {
                "status" : "info",
                "place" : {
                  "filePath" : "mobileMeni.gspec",
                  "lineNumber" : 28
                },
                "name" : "text is \"Unos\"",
                "highlight" : [ "menu_item-3" ]
              } ]
            }, {
              "name" : "menu_item-4",
              "specs" : [ {
                "status" : "info",
                "place" : {
                  "filePath" : "mobileMeni.gspec",
                  "lineNumber" : 24
                },
                "name" : "aligned vertically all menu_item-5",
                "highlight" : [ "menu_item-4", "menu_item-5" ]
              }, {
                "status" : "info",
                "place" : {
                  "filePath" : "mobileMeni.gspec",
                  "lineNumber" : 28
                },
                "name" : "text is \"Rezervacije\"",
                "highlight" : [ "menu_item-4" ]
              } ]
            }, {
              "name" : "menu_item-5",
              "specs" : [ {
                "status" : "info",
                "place" : {
                  "filePath" : "mobileMeni.gspec",
                  "lineNumber" : 28
                },
                "name" : "text is \"Osobe\"",
                "highlight" : [ "menu_item-5" ]
              } ]
            }, {
              "name" : "stavka",
              "specs" : [ {
                "status" : "info",
                "place" : {
                  "filePath" : "mobileMeni.gspec",
                  "lineNumber" : 31
                },
                "name" : "css display is \"block\"",
                "highlight" : [ "stavka" ]
              } ]
            }, {
              "name" : "link-2",
              "specs" : [ {
                "status" : "info",
                "place" : {
                  "filePath" : "mobilePocetna.gspec",
                  "lineNumber" : 12
                },
                "name" : "css text-decoration is \"underline solid rgb(0, 0, 238)\"",
                "highlight" : [ "link-2" ]
              } ]
            }, {
              "name" : "link-3",
              "specs" : [ {
                "status" : "info",
                "place" : {
                  "filePath" : "mobilePocetna.gspec",
                  "lineNumber" : 12
                },
                "name" : "css text-decoration is \"underline solid rgb(0, 0, 238)\"",
                "highlight" : [ "link-3" ]
              } ]
            }, {
              "name" : "link-4",
              "specs" : [ {
                "status" : "info",
                "place" : {
                  "filePath" : "mobilePocetna.gspec",
                  "lineNumber" : 12
                },
                "name" : "css text-decoration is \"underline solid rgb(0, 0, 238)\"",
                "highlight" : [ "link-4" ]
              } ]
            }, {
              "name" : "link-5",
              "specs" : [ {
                "status" : "info",
                "place" : {
                  "filePath" : "mobilePocetna.gspec",
                  "lineNumber" : 12
                },
                "name" : "css text-decoration is \"underline solid rgb(0, 0, 238)\"",
                "highlight" : [ "link-5" ]
              } ]
            }, {
              "name" : "link-1",
              "specs" : [ {
                "status" : "info",
                "place" : {
                  "filePath" : "mobilePocetna.gspec",
                  "lineNumber" : 15
                },
                "name" : "css text-decoration is \"none solid rgb(0, 0, 238)\"",
                "highlight" : [ "link-1" ]
              } ]
            } ]
          }, {
            "name" : "Grid section",
            "place" : {
              "filePath" : "mobilePocetna.gspec",
              "lineNumber" : 17
            },
            "objects" : [ {
              "name" : "grid-item-1",
              "specs" : [ {
                "status" : "info",
                "place" : {
                  "filePath" : "mobilePocetna.gspec",
                  "lineNumber" : 23
                },
                "name" : "inside grid",
                "meta" : [ ],
                "highlight" : [ "grid-item-1", "grid" ]
              }, {
                "status" : "info",
                "place" : {
                  "filePath" : "mobilePocetna.gspec",
                  "lineNumber" : 24
                },
                "name" : "css padding is \"2px\"",
                "highlight" : [ "grid-item-1" ]
              } ]
            }, {
              "name" : "grid-item-2",
              "specs" : [ {
                "status" : "info",
                "place" : {
                  "filePath" : "mobilePocetna.gspec",
                  "lineNumber" : 23
                },
                "name" : "inside grid",
                "meta" : [ ],
                "highlight" : [ "grid-item-2", "grid" ]
              }, {
                "status" : "info",
                "place" : {
                  "filePath" : "mobilePocetna.gspec",
                  "lineNumber" : 24
                },
                "name" : "css padding is \"2px\"",
                "highlight" : [ "grid-item-2" ]
              } ]
            }, {
              "name" : "grid-item-3",
              "specs" : [ {
                "status" : "info",
                "place" : {
                  "filePath" : "mobilePocetna.gspec",
                  "lineNumber" : 23
                },
                "name" : "inside grid",
                "meta" : [ ],
                "highlight" : [ "grid-item-3", "grid" ]
              }, {
                "status" : "info",
                "place" : {
                  "filePath" : "mobilePocetna.gspec",
                  "lineNumber" : 24
                },
                "name" : "css padding is \"2px\"",
                "highlight" : [ "grid-item-3" ]
              } ]
            }, {
              "name" : "grid-item-4",
              "specs" : [ {
                "status" : "info",
                "place" : {
                  "filePath" : "mobilePocetna.gspec",
                  "lineNumber" : 23
                },
                "name" : "inside grid",
                "meta" : [ ],
                "highlight" : [ "grid-item-4", "grid" ]
              }, {
                "status" : "info",
                "place" : {
                  "filePath" : "mobilePocetna.gspec",
                  "lineNumber" : 24
                },
                "name" : "css padding is \"2px\"",
                "highlight" : [ "grid-item-4" ]
              } ]
            }, {
              "name" : "grid-item-5",
              "specs" : [ {
                "status" : "info",
                "place" : {
                  "filePath" : "mobilePocetna.gspec",
                  "lineNumber" : 23
                },
                "name" : "inside grid",
                "meta" : [ ],
                "highlight" : [ "grid-item-5", "grid" ]
              }, {
                "status" : "info",
                "place" : {
                  "filePath" : "mobilePocetna.gspec",
                  "lineNumber" : 24
                },
                "name" : "css padding is \"2px\"",
                "highlight" : [ "grid-item-5" ]
              } ]
            }, {
              "name" : "grid-item-6",
              "specs" : [ {
                "status" : "info",
                "place" : {
                  "filePath" : "mobilePocetna.gspec",
                  "lineNumber" : 23
                },
                "name" : "inside grid",
                "meta" : [ ],
                "highlight" : [ "grid-item-6", "grid" ]
              }, {
                "status" : "info",
                "place" : {
                  "filePath" : "mobilePocetna.gspec",
                  "lineNumber" : 24
                },
                "name" : "css padding is \"2px\"",
                "highlight" : [ "grid-item-6" ]
              } ]
            }, {
              "name" : "grid-item-7",
              "specs" : [ {
                "status" : "info",
                "place" : {
                  "filePath" : "mobilePocetna.gspec",
                  "lineNumber" : 23
                },
                "name" : "inside grid",
                "meta" : [ ],
                "highlight" : [ "grid-item-7", "grid" ]
              }, {
                "status" : "info",
                "place" : {
                  "filePath" : "mobilePocetna.gspec",
                  "lineNumber" : 24
                },
                "name" : "css padding is \"2px\"",
                "highlight" : [ "grid-item-7" ]
              } ]
            }, {
              "name" : "grid-item-8",
              "specs" : [ {
                "status" : "info",
                "place" : {
                  "filePath" : "mobilePocetna.gspec",
                  "lineNumber" : 23
                },
                "name" : "inside grid",
                "meta" : [ ],
                "highlight" : [ "grid-item-8", "grid" ]
              }, {
                "status" : "info",
                "place" : {
                  "filePath" : "mobilePocetna.gspec",
                  "lineNumber" : 24
                },
                "name" : "css padding is \"2px\"",
                "highlight" : [ "grid-item-8" ]
              } ]
            }, {
              "name" : "grid-item-9",
              "specs" : [ {
                "status" : "info",
                "place" : {
                  "filePath" : "mobilePocetna.gspec",
                  "lineNumber" : 23
                },
                "name" : "inside grid",
                "meta" : [ ],
                "highlight" : [ "grid-item-9", "grid" ]
              }, {
                "status" : "info",
                "place" : {
                  "filePath" : "mobilePocetna.gspec",
                  "lineNumber" : 24
                },
                "name" : "css padding is \"2px\"",
                "highlight" : [ "grid-item-9" ]
              } ]
            }, {
              "name" : "grid-item-10",
              "specs" : [ {
                "status" : "info",
                "place" : {
                  "filePath" : "mobilePocetna.gspec",
                  "lineNumber" : 23
                },
                "name" : "inside grid",
                "meta" : [ ],
                "highlight" : [ "grid-item-10", "grid" ]
              }, {
                "status" : "info",
                "place" : {
                  "filePath" : "mobilePocetna.gspec",
                  "lineNumber" : 24
                },
                "name" : "css padding is \"2px\"",
                "highlight" : [ "grid-item-10" ]
              } ]
            }, {
              "name" : "grid",
              "specs" : [ {
                "status" : "info",
                "place" : {
                  "filePath" : "mobilePocetna.gspec",
                  "lineNumber" : 27
                },
                "name" : "centered horizontally inside sadrzaj",
                "highlight" : [ "grid", "sadrzaj" ]
              }, {
                "status" : "info",
                "place" : {
                  "filePath" : "mobilePocetna.gspec",
                  "lineNumber" : 28
                },
                "name" : "css column-gap is \"5px\"",
                "highlight" : [ "grid" ]
              }, {
                "status" : "info",
                "place" : {
                  "filePath" : "mobilePocetna.gspec",
                  "lineNumber" : 29
                },
                "name" : "css row-gap is \"5px\"",
                "highlight" : [ "grid" ]
              }, {
                "status" : "info",
                "place" : {
                  "filePath" : "mobilePocetna.gspec",
                  "lineNumber" : 30
                },
                "name" : "below menu",
                "meta" : [ {
                  "from" : {
                    "object" : "grid",
                    "edge" : "top"
                  },
                  "to" : {
                    "object" : "menu",
                    "edge" : "bottom"
                  },
                  "expectedDistance" : ">= 0px",
                  "realDistance" : "17px"
                } ],
                "highlight" : [ "grid", "menu" ]
              } ]
            }, {
              "name" : "image-1",
              "specs" : [ {
                "status" : "info",
                "place" : {
                  "filePath" : "mobilePocetna.gspec",
                  "lineNumber" : 34
                },
                "name" : "width ~ 100% of grid-item-1/width",
                "meta" : [ {
                  "from" : {
                    "object" : "image-1",
                    "edge" : "left"
                  },
                  "to" : {
                    "object" : "image-1",
                    "edge" : "right"
                  },
                  "expectedDistance" : "98 to 102% [398 to 415px]",
                  "realDistance" : "99% [403px]"
                } ],
                "highlight" : [ "image-1" ]
              }, {
                "status" : "info",
                "place" : {
                  "filePath" : "mobilePocetna.gspec",
                  "lineNumber" : 39
                },
                "name" : "aligned vertically all image-2",
                "highlight" : [ "image-1", "image-2" ]
              }, {
                "status" : "info",
                "place" : {
                  "filePath" : "mobilePocetna.gspec",
                  "lineNumber" : 40
                },
                "name" : "above image-2",
                "meta" : [ {
                  "from" : {
                    "object" : "image-1",
                    "edge" : "bottom"
                  },
                  "to" : {
                    "object" : "image-2",
                    "edge" : "top"
                  },
                  "expectedDistance" : ">= 0px",
                  "realDistance" : "12px"
                } ],
                "highlight" : [ "image-1", "image-2" ]
              } ]
            }, {
              "name" : "image-2",
              "specs" : [ {
                "status" : "info",
                "place" : {
                  "filePath" : "mobilePocetna.gspec",
                  "lineNumber" : 34
                },
                "name" : "width ~ 100% of grid-item-2/width",
                "meta" : [ {
                  "from" : {
                    "object" : "image-2",
                    "edge" : "left"
                  },
                  "to" : {
                    "object" : "image-2",
                    "edge" : "right"
                  },
                  "expectedDistance" : "98 to 102% [398 to 415px]",
                  "realDistance" : "99% [403px]"
                } ],
                "highlight" : [ "image-2" ]
              }, {
                "status" : "info",
                "place" : {
                  "filePath" : "mobilePocetna.gspec",
                  "lineNumber" : 39
                },
                "name" : "aligned vertically all image-3",
                "highlight" : [ "image-2", "image-3" ]
              }, {
                "status" : "info",
                "place" : {
                  "filePath" : "mobilePocetna.gspec",
                  "lineNumber" : 40
                },
                "name" : "above image-3",
                "meta" : [ {
                  "from" : {
                    "object" : "image-2",
                    "edge" : "bottom"
                  },
                  "to" : {
                    "object" : "image-3",
                    "edge" : "top"
                  },
                  "expectedDistance" : ">= 0px",
                  "realDistance" : "13px"
                } ],
                "highlight" : [ "image-2", "image-3" ]
              } ]
            }, {
              "name" : "image-3",
              "specs" : [ {
                "status" : "info",
                "place" : {
                  "filePath" : "mobilePocetna.gspec",
                  "lineNumber" : 34
                },
                "name" : "width ~ 100% of grid-item-3/width",
                "meta" : [ {
                  "from" : {
                    "object" : "image-3",
                    "edge" : "left"
                  },
                  "to" : {
                    "object" : "image-3",
                    "edge" : "right"
                  },
                  "expectedDistance" : "98 to 102% [398 to 415px]",
                  "realDistance" : "99% [403px]"
                } ],
                "highlight" : [ "image-3" ]
              }, {
                "status" : "info",
                "place" : {
                  "filePath" : "mobilePocetna.gspec",
                  "lineNumber" : 39
                },
                "name" : "aligned vertically all image-4",
                "highlight" : [ "image-3", "image-4" ]
              }, {
                "status" : "info",
                "place" : {
                  "filePath" : "mobilePocetna.gspec",
                  "lineNumber" : 40
                },
                "name" : "above image-4",
                "meta" : [ {
                  "from" : {
                    "object" : "image-3",
                    "edge" : "bottom"
                  },
                  "to" : {
                    "object" : "image-4",
                    "edge" : "top"
                  },
                  "expectedDistance" : ">= 0px",
                  "realDistance" : "13px"
                } ],
                "highlight" : [ "image-3", "image-4" ]
              } ]
            }, {
              "name" : "image-4",
              "specs" : [ {
                "status" : "info",
                "place" : {
                  "filePath" : "mobilePocetna.gspec",
                  "lineNumber" : 34
                },
                "name" : "width ~ 100% of grid-item-4/width",
                "meta" : [ {
                  "from" : {
                    "object" : "image-4",
                    "edge" : "left"
                  },
                  "to" : {
                    "object" : "image-4",
                    "edge" : "right"
                  },
                  "expectedDistance" : "98 to 102% [398 to 415px]",
                  "realDistance" : "99% [403px]"
                } ],
                "highlight" : [ "image-4" ]
              }, {
                "status" : "info",
                "place" : {
                  "filePath" : "mobilePocetna.gspec",
                  "lineNumber" : 39
                },
                "name" : "aligned vertically all image-5",
                "highlight" : [ "image-4", "image-5" ]
              }, {
                "status" : "info",
                "place" : {
                  "filePath" : "mobilePocetna.gspec",
                  "lineNumber" : 40
                },
                "name" : "above image-5",
                "meta" : [ {
                  "from" : {
                    "object" : "image-4",
                    "edge" : "bottom"
                  },
                  "to" : {
                    "object" : "image-5",
                    "edge" : "top"
                  },
                  "expectedDistance" : ">= 0px",
                  "realDistance" : "13px"
                } ],
                "highlight" : [ "image-4", "image-5" ]
              } ]
            }, {
              "name" : "image-5",
              "specs" : [ {
                "status" : "info",
                "place" : {
                  "filePath" : "mobilePocetna.gspec",
                  "lineNumber" : 34
                },
                "name" : "width ~ 100% of grid-item-5/width",
                "meta" : [ {
                  "from" : {
                    "object" : "image-5",
                    "edge" : "left"
                  },
                  "to" : {
                    "object" : "image-5",
                    "edge" : "right"
                  },
                  "expectedDistance" : "98 to 102% [398 to 415px]",
                  "realDistance" : "99% [403px]"
                } ],
                "highlight" : [ "image-5" ]
              }, {
                "status" : "info",
                "place" : {
                  "filePath" : "mobilePocetna.gspec",
                  "lineNumber" : 39
                },
                "name" : "aligned vertically all image-6",
                "highlight" : [ "image-5", "image-6" ]
              }, {
                "status" : "info",
                "place" : {
                  "filePath" : "mobilePocetna.gspec",
                  "lineNumber" : 40
                },
                "name" : "above image-6",
                "meta" : [ {
                  "from" : {
                    "object" : "image-5",
                    "edge" : "bottom"
                  },
                  "to" : {
                    "object" : "image-6",
                    "edge" : "top"
                  },
                  "expectedDistance" : ">= 0px",
                  "realDistance" : "13px"
                } ],
                "highlight" : [ "image-5", "image-6" ]
              } ]
            }, {
              "name" : "image-6",
              "specs" : [ {
                "status" : "info",
                "place" : {
                  "filePath" : "mobilePocetna.gspec",
                  "lineNumber" : 34
                },
                "name" : "width ~ 100% of grid-item-6/width",
                "meta" : [ {
                  "from" : {
                    "object" : "image-6",
                    "edge" : "left"
                  },
                  "to" : {
                    "object" : "image-6",
                    "edge" : "right"
                  },
                  "expectedDistance" : "98 to 102% [398 to 415px]",
                  "realDistance" : "99% [403px]"
                } ],
                "highlight" : [ "image-6" ]
              }, {
                "status" : "info",
                "place" : {
                  "filePath" : "mobilePocetna.gspec",
                  "lineNumber" : 39
                },
                "name" : "aligned vertically all image-7",
                "highlight" : [ "image-6", "image-7" ]
              }, {
                "status" : "info",
                "place" : {
                  "filePath" : "mobilePocetna.gspec",
                  "lineNumber" : 40
                },
                "name" : "above image-7",
                "meta" : [ {
                  "from" : {
                    "object" : "image-6",
                    "edge" : "bottom"
                  },
                  "to" : {
                    "object" : "image-7",
                    "edge" : "top"
                  },
                  "expectedDistance" : ">= 0px",
                  "realDistance" : "12px"
                } ],
                "highlight" : [ "image-6", "image-7" ]
              } ]
            }, {
              "name" : "image-7",
              "specs" : [ {
                "status" : "info",
                "place" : {
                  "filePath" : "mobilePocetna.gspec",
                  "lineNumber" : 34
                },
                "name" : "width ~ 100% of grid-item-7/width",
                "meta" : [ {
                  "from" : {
                    "object" : "image-7",
                    "edge" : "left"
                  },
                  "to" : {
                    "object" : "image-7",
                    "edge" : "right"
                  },
                  "expectedDistance" : "98 to 102% [398 to 415px]",
                  "realDistance" : "99% [403px]"
                } ],
                "highlight" : [ "image-7" ]
              }, {
                "status" : "info",
                "place" : {
                  "filePath" : "mobilePocetna.gspec",
                  "lineNumber" : 39
                },
                "name" : "aligned vertically all image-8",
                "highlight" : [ "image-7", "image-8" ]
              }, {
                "status" : "info",
                "place" : {
                  "filePath" : "mobilePocetna.gspec",
                  "lineNumber" : 40
                },
                "name" : "above image-8",
                "meta" : [ {
                  "from" : {
                    "object" : "image-7",
                    "edge" : "bottom"
                  },
                  "to" : {
                    "object" : "image-8",
                    "edge" : "top"
                  },
                  "expectedDistance" : ">= 0px",
                  "realDistance" : "13px"
                } ],
                "highlight" : [ "image-7", "image-8" ]
              } ]
            }, {
              "name" : "image-8",
              "specs" : [ {
                "status" : "info",
                "place" : {
                  "filePath" : "mobilePocetna.gspec",
                  "lineNumber" : 34
                },
                "name" : "width ~ 100% of grid-item-8/width",
                "meta" : [ {
                  "from" : {
                    "object" : "image-8",
                    "edge" : "left"
                  },
                  "to" : {
                    "object" : "image-8",
                    "edge" : "right"
                  },
                  "expectedDistance" : "98 to 102% [398 to 415px]",
                  "realDistance" : "99% [403px]"
                } ],
                "highlight" : [ "image-8" ]
              }, {
                "status" : "info",
                "place" : {
                  "filePath" : "mobilePocetna.gspec",
                  "lineNumber" : 39
                },
                "name" : "aligned vertically all image-9",
                "highlight" : [ "image-8", "image-9" ]
              }, {
                "status" : "info",
                "place" : {
                  "filePath" : "mobilePocetna.gspec",
                  "lineNumber" : 40
                },
                "name" : "above image-9",
                "meta" : [ {
                  "from" : {
                    "object" : "image-8",
                    "edge" : "bottom"
                  },
                  "to" : {
                    "object" : "image-9",
                    "edge" : "top"
                  },
                  "expectedDistance" : ">= 0px",
                  "realDistance" : "13px"
                } ],
                "highlight" : [ "image-8", "image-9" ]
              } ]
            }, {
              "name" : "image-9",
              "specs" : [ {
                "status" : "info",
                "place" : {
                  "filePath" : "mobilePocetna.gspec",
                  "lineNumber" : 34
                },
                "name" : "width ~ 100% of grid-item-9/width",
                "meta" : [ {
                  "from" : {
                    "object" : "image-9",
                    "edge" : "left"
                  },
                  "to" : {
                    "object" : "image-9",
                    "edge" : "right"
                  },
                  "expectedDistance" : "98 to 102% [398 to 415px]",
                  "realDistance" : "99% [403px]"
                } ],
                "highlight" : [ "image-9" ]
              }, {
                "status" : "info",
                "place" : {
                  "filePath" : "mobilePocetna.gspec",
                  "lineNumber" : 39
                },
                "name" : "aligned vertically all image-10",
                "highlight" : [ "image-9", "image-10" ]
              }, {
                "status" : "info",
                "place" : {
                  "filePath" : "mobilePocetna.gspec",
                  "lineNumber" : 40
                },
                "name" : "above image-10",
                "meta" : [ {
                  "from" : {
                    "object" : "image-9",
                    "edge" : "bottom"
                  },
                  "to" : {
                    "object" : "image-10",
                    "edge" : "top"
                  },
                  "expectedDistance" : ">= 0px",
                  "realDistance" : "13px"
                } ],
                "highlight" : [ "image-9", "image-10" ]
              } ]
            }, {
              "name" : "image-10",
              "specs" : [ {
                "status" : "info",
                "place" : {
                  "filePath" : "mobilePocetna.gspec",
                  "lineNumber" : 34
                },
                "name" : "width ~ 100% of grid-item-10/width",
                "meta" : [ {
                  "from" : {
                    "object" : "image-10",
                    "edge" : "left"
                  },
                  "to" : {
                    "object" : "image-10",
                    "edge" : "right"
                  },
                  "expectedDistance" : "98 to 102% [398 to 415px]",
                  "realDistance" : "99% [403px]"
                } ],
                "highlight" : [ "image-10" ]
              } ]
            } ]
          } ],
          "objects" : {
            "menu_item-3" : {
              "area" : [ 59, 242, 492, 18 ]
            },
            "menu_item-2" : {
              "area" : [ 59, 213, 492, 18 ]
            },
            "menu_item-5" : {
              "area" : [ 59, 299, 492, 18 ]
            },
            "menu_item-4" : {
              "area" : [ 59, 270, 492, 18 ]
            },
            "image-1" : {
              "area" : [ 83, 365, 403, 269 ]
            },
            "menu_item-1" : {
              "area" : [ 59, 185, 492, 18 ]
            },
            "grid-item-9" : {
              "area" : [ 81, 2617, 407, 277 ]
            },
            "grid-item-7" : {
              "area" : [ 81, 2053, 407, 277 ]
            },
            "grid-item-8" : {
              "area" : [ 81, 2335, 407, 277 ]
            },
            "image-10" : {
              "area" : [ 83, 2901, 403, 269 ]
            },
            "grid-item-5" : {
              "area" : [ 81, 1490, 407, 277 ]
            },
            "grid-item-6" : {
              "area" : [ 81, 1772, 407, 277 ]
            },
            "grid-item-3" : {
              "area" : [ 81, 926, 407, 277 ]
            },
            "grid-item-4" : {
              "area" : [ 81, 1208, 407, 277 ]
            },
            "link-1" : {
              "area" : [ 279, 185, 50, 18 ]
            },
            "logo" : {
              "area" : [ 9, 61, 553, 108 ]
            },
            "link-2" : {
              "area" : [ 291, 213, 28, 18 ]
            },
            "stavka" : {
              "area" : [ 59, 185, 492, 18 ]
            },
            "link-5" : {
              "area" : [ 284, 299, 41, 18 ]
            },
            "link-3" : {
              "area" : [ 288, 242, 34, 18 ]
            },
            "link-4" : {
              "area" : [ 267, 270, 76, 18 ]
            },
            "grid-item-1" : {
              "area" : [ 81, 363, 407, 277 ]
            },
            "grid-item-2" : {
              "area" : [ 81, 644, 407, 277 ]
            },
            "menu" : {
              "area" : [ 8, 60, 554, 275 ]
            },
            "sadrzaj" : {
              "area" : [ 8, 340, 554, 2858 ]
            },
            "grid-item-10" : {
              "area" : [ 81, 2899, 407, 277 ]
            },
            "image-7" : {
              "area" : [ 83, 2055, 403, 269 ]
            },
            "image-6" : {
              "area" : [ 83, 1774, 403, 269 ]
            },
            "image-9" : {
              "area" : [ 83, 2619, 403, 269 ]
            },
            "image-8" : {
              "area" : [ 83, 2337, 403, 269 ]
            },
            "image-3" : {
              "area" : [ 83, 928, 403, 269 ]
            },
            "image-2" : {
              "area" : [ 83, 646, 403, 269 ]
            },
            "grid" : {
              "area" : [ 20, 352, 530, 2834 ]
            },
            "image-5" : {
              "area" : [ 83, 1492, 403, 269 ]
            },
            "image-4" : {
              "area" : [ 83, 1210, 403, 269 ]
            }
          },
          "screenshot" : "layout-1-screenshot.png",
          "type" : "layout"
        } ],
        "time" : 1573657801019,
        "type" : "node"
      } ],
      "time" : 1573657795875,
      "type" : "node"
    } ]
  }
}