{
  "testId" : "1-unos.gspec",
  "name" : "unos.gspec",
  "report" : {
    "nodes" : [ {
      "name" : "Mutation test",
      "status" : "info",
      "nodes" : [ {
        "name" : "check  unos.gspec --url http://localhost/html/unos.html --size 1200x768 --htmlreport izvjestajiUnosMutate",
        "status" : "info",
        "nodes" : [ {
          "name" : "Check layout: unos.gspec included tags: ",
          "status" : "info",
          "time" : 1573658146014,
          "sections" : [ {
            "name" : "Meni section",
            "place" : {
              "filePath" : "meni.gspec",
              "lineNumber" : 15
            },
            "objects" : [ {
              "name" : "menu",
              "specs" : [ {
                "status" : "info",
                "place" : {
                  "filePath" : "meni.gspec",
                  "lineNumber" : 18
                },
                "name" : "width ~98 % of screen/width",
                "meta" : [ {
                  "from" : {
                    "object" : "menu",
                    "edge" : "left"
                  },
                  "to" : {
                    "object" : "menu",
                    "edge" : "right"
                  },
                  "expectedDistance" : "96 to 100% [1139 to 1187px]",
                  "realDistance" : "98% [1171px]"
                } ],
                "highlight" : [ "menu" ]
              }, {
                "status" : "info",
                "place" : {
                  "filePath" : "meni.gspec",
                  "lineNumber" : 19
                },
                "name" : "contains menu_item-*",
                "highlight" : [ "menu", "menu_item-1", "menu_item-2", "menu_item-3", "menu_item-4", "menu_item-5" ]
              }, {
                "status" : "info",
                "place" : {
                  "filePath" : "meni.gspec",
                  "lineNumber" : 20
                },
                "name" : "contains partly logo",
                "highlight" : [ "menu", "logo" ]
              } ]
            }, {
              "name" : "logo",
              "specs" : [ {
                "status" : "info",
                "place" : {
                  "filePath" : "meni.gspec",
                  "lineNumber" : 23
                },
                "name" : "inside menu",
                "meta" : [ ],
                "highlight" : [ "logo", "menu" ]
              } ]
            }, {
              "name" : "menu_item-1",
              "specs" : [ {
                "status" : "info",
                "place" : {
                  "filePath" : "meni.gspec",
                  "lineNumber" : 27
                },
                "name" : "aligned horizontally all menu_item-2",
                "highlight" : [ "menu_item-1", "menu_item-2" ]
              }, {
                "status" : "info",
                "place" : {
                  "filePath" : "meni.gspec",
                  "lineNumber" : 31
                },
                "name" : "text is \"Po�?etna\"",
                "highlight" : [ "menu_item-1" ]
              } ]
            }, {
              "name" : "menu_item-2",
              "specs" : [ {
                "status" : "info",
                "place" : {
                  "filePath" : "meni.gspec",
                  "lineNumber" : 27
                },
                "name" : "aligned horizontally all menu_item-3",
                "highlight" : [ "menu_item-2", "menu_item-3" ]
              }, {
                "status" : "info",
                "place" : {
                  "filePath" : "meni.gspec",
                  "lineNumber" : 31
                },
                "name" : "text is \"Sale\"",
                "highlight" : [ "menu_item-2" ]
              } ]
            }, {
              "name" : "menu_item-3",
              "specs" : [ {
                "status" : "info",
                "place" : {
                  "filePath" : "meni.gspec",
                  "lineNumber" : 27
                },
                "name" : "aligned horizontally all menu_item-4",
                "highlight" : [ "menu_item-3", "menu_item-4" ]
              }, {
                "status" : "info",
                "place" : {
                  "filePath" : "meni.gspec",
                  "lineNumber" : 31
                },
                "name" : "text is \"Unos\"",
                "highlight" : [ "menu_item-3" ]
              } ]
            }, {
              "name" : "menu_item-4",
              "specs" : [ {
                "status" : "info",
                "place" : {
                  "filePath" : "meni.gspec",
                  "lineNumber" : 27
                },
                "name" : "aligned horizontally all menu_item-5",
                "highlight" : [ "menu_item-4", "menu_item-5" ]
              }, {
                "status" : "info",
                "place" : {
                  "filePath" : "meni.gspec",
                  "lineNumber" : 31
                },
                "name" : "text is \"Rezervacije\"",
                "highlight" : [ "menu_item-4" ]
              } ]
            }, {
              "name" : "menu_item-5",
              "specs" : [ {
                "status" : "info",
                "place" : {
                  "filePath" : "meni.gspec",
                  "lineNumber" : 31
                },
                "name" : "text is \"Osobe\"",
                "highlight" : [ "menu_item-5" ]
              } ]
            }, {
              "name" : "stavka",
              "specs" : [ {
                "status" : "info",
                "place" : {
                  "filePath" : "meni.gspec",
                  "lineNumber" : 34
                },
                "name" : "css display is \"inline\"",
                "highlight" : [ "stavka" ]
              } ]
            }, {
              "name" : "link-1",
              "specs" : [ {
                "status" : "info",
                "place" : {
                  "filePath" : "unos.gspec",
                  "lineNumber" : 12
                },
                "name" : "css text-decoration is \"underline solid rgb(0, 0, 238)\"",
                "highlight" : [ "link-1" ]
              } ]
            }, {
              "name" : "link-2",
              "specs" : [ {
                "status" : "info",
                "place" : {
                  "filePath" : "unos.gspec",
                  "lineNumber" : 12
                },
                "name" : "css text-decoration is \"underline solid rgb(0, 0, 238)\"",
                "highlight" : [ "link-2" ]
              } ]
            }, {
              "name" : "link-4",
              "specs" : [ {
                "status" : "info",
                "place" : {
                  "filePath" : "unos.gspec",
                  "lineNumber" : 12
                },
                "name" : "css text-decoration is \"underline solid rgb(0, 0, 238)\"",
                "highlight" : [ "link-4" ]
              } ]
            }, {
              "name" : "link-5",
              "specs" : [ {
                "status" : "info",
                "place" : {
                  "filePath" : "unos.gspec",
                  "lineNumber" : 12
                },
                "name" : "css text-decoration is \"underline solid rgb(0, 0, 238)\"",
                "highlight" : [ "link-5" ]
              } ]
            }, {
              "name" : "link-3",
              "specs" : [ {
                "status" : "info",
                "place" : {
                  "filePath" : "unos.gspec",
                  "lineNumber" : 15
                },
                "name" : "css text-decoration is \"none solid rgb(0, 0, 238)\"",
                "highlight" : [ "link-3" ]
              } ]
            } ]
          }, {
            "name" : "Form section",
            "place" : {
              "filePath" : "unos.gspec",
              "lineNumber" : 18
            },
            "objects" : [ {
              "name" : "forma",
              "specs" : [ {
                "status" : "info",
                "place" : {
                  "filePath" : "unos.gspec",
                  "lineNumber" : 21
                },
                "name" : "css display is \"table\"",
                "highlight" : [ "forma" ]
              }, {
                "status" : "info",
                "place" : {
                  "filePath" : "unos.gspec",
                  "lineNumber" : 22
                },
                "name" : "inside sadrzaj",
                "meta" : [ ],
                "highlight" : [ "forma", "sadrzaj" ]
              }, {
                "status" : "info",
                "place" : {
                  "filePath" : "unos.gspec",
                  "lineNumber" : 23
                },
                "name" : "css border is \"2px solid rgb(53, 106, 157)\"",
                "highlight" : [ "forma" ]
              } ]
            }, {
              "name" : "label-1",
              "specs" : [ {
                "status" : "info",
                "place" : {
                  "filePath" : "unos.gspec",
                  "lineNumber" : 27
                },
                "name" : "left-of input-1",
                "meta" : [ {
                  "from" : {
                    "object" : "label-1",
                    "edge" : "right"
                  },
                  "to" : {
                    "object" : "input-1",
                    "edge" : "left"
                  },
                  "expectedDistance" : ">= 0px",
                  "realDistance" : "2px"
                } ],
                "highlight" : [ "label-1", "input-1" ]
              }, {
                "status" : "info",
                "place" : {
                  "filePath" : "unos.gspec",
                  "lineNumber" : 31
                },
                "name" : "above label-2",
                "meta" : [ {
                  "from" : {
                    "object" : "label-1",
                    "edge" : "bottom"
                  },
                  "to" : {
                    "object" : "label-2",
                    "edge" : "top"
                  },
                  "expectedDistance" : ">= 0px",
                  "realDistance" : "0px"
                } ],
                "highlight" : [ "label-1", "label-2" ]
              }, {
                "status" : "info",
                "place" : {
                  "filePath" : "unos.gspec",
                  "lineNumber" : 32
                },
                "name" : "aligned vertically all label-2",
                "highlight" : [ "label-1", "label-2" ]
              }, {
                "status" : "info",
                "place" : {
                  "filePath" : "unos.gspec",
                  "lineNumber" : 33
                },
                "name" : "css display is \"table-cell\"",
                "highlight" : [ "label-1" ]
              } ]
            }, {
              "name" : "label-2",
              "specs" : [ {
                "status" : "info",
                "place" : {
                  "filePath" : "unos.gspec",
                  "lineNumber" : 27
                },
                "name" : "left-of input-2",
                "meta" : [ {
                  "from" : {
                    "object" : "label-2",
                    "edge" : "right"
                  },
                  "to" : {
                    "object" : "input-2",
                    "edge" : "left"
                  },
                  "expectedDistance" : ">= 0px",
                  "realDistance" : "2px"
                } ],
                "highlight" : [ "label-2", "input-2" ]
              }, {
                "status" : "info",
                "place" : {
                  "filePath" : "unos.gspec",
                  "lineNumber" : 31
                },
                "name" : "above label-3",
                "meta" : [ {
                  "from" : {
                    "object" : "label-2",
                    "edge" : "bottom"
                  },
                  "to" : {
                    "object" : "label-3",
                    "edge" : "top"
                  },
                  "expectedDistance" : ">= 0px",
                  "realDistance" : "1px"
                } ],
                "highlight" : [ "label-2", "label-3" ]
              }, {
                "status" : "info",
                "place" : {
                  "filePath" : "unos.gspec",
                  "lineNumber" : 32
                },
                "name" : "aligned vertically all label-3",
                "highlight" : [ "label-2", "label-3" ]
              }, {
                "status" : "info",
                "place" : {
                  "filePath" : "unos.gspec",
                  "lineNumber" : 33
                },
                "name" : "css display is \"table-cell\"",
                "highlight" : [ "label-2" ]
              } ]
            }, {
              "name" : "label-3",
              "specs" : [ {
                "status" : "info",
                "place" : {
                  "filePath" : "unos.gspec",
                  "lineNumber" : 27
                },
                "name" : "left-of input-3",
                "meta" : [ {
                  "from" : {
                    "object" : "label-3",
                    "edge" : "right"
                  },
                  "to" : {
                    "object" : "input-3",
                    "edge" : "left"
                  },
                  "expectedDistance" : ">= 0px",
                  "realDistance" : "2px"
                } ],
                "highlight" : [ "label-3", "input-3" ]
              }, {
                "status" : "info",
                "place" : {
                  "filePath" : "unos.gspec",
                  "lineNumber" : 31
                },
                "name" : "above label-4",
                "meta" : [ {
                  "from" : {
                    "object" : "label-3",
                    "edge" : "bottom"
                  },
                  "to" : {
                    "object" : "label-4",
                    "edge" : "top"
                  },
                  "expectedDistance" : ">= 0px",
                  "realDistance" : "0px"
                } ],
                "highlight" : [ "label-3", "label-4" ]
              }, {
                "status" : "info",
                "place" : {
                  "filePath" : "unos.gspec",
                  "lineNumber" : 32
                },
                "name" : "aligned vertically all label-4",
                "highlight" : [ "label-3", "label-4" ]
              }, {
                "status" : "info",
                "place" : {
                  "filePath" : "unos.gspec",
                  "lineNumber" : 33
                },
                "name" : "css display is \"table-cell\"",
                "highlight" : [ "label-3" ]
              } ]
            }, {
              "name" : "label-4",
              "specs" : [ {
                "status" : "info",
                "place" : {
                  "filePath" : "unos.gspec",
                  "lineNumber" : 27
                },
                "name" : "left-of input-4",
                "meta" : [ {
                  "from" : {
                    "object" : "label-4",
                    "edge" : "right"
                  },
                  "to" : {
                    "object" : "input-4",
                    "edge" : "left"
                  },
                  "expectedDistance" : ">= 0px",
                  "realDistance" : "2px"
                } ],
                "highlight" : [ "label-4", "input-4" ]
              }, {
                "status" : "info",
                "place" : {
                  "filePath" : "unos.gspec",
                  "lineNumber" : 31
                },
                "name" : "above label-5",
                "meta" : [ {
                  "from" : {
                    "object" : "label-4",
                    "edge" : "bottom"
                  },
                  "to" : {
                    "object" : "label-5",
                    "edge" : "top"
                  },
                  "expectedDistance" : ">= 0px",
                  "realDistance" : "0px"
                } ],
                "highlight" : [ "label-4", "label-5" ]
              }, {
                "status" : "info",
                "place" : {
                  "filePath" : "unos.gspec",
                  "lineNumber" : 32
                },
                "name" : "aligned vertically all label-5",
                "highlight" : [ "label-4", "label-5" ]
              }, {
                "status" : "info",
                "place" : {
                  "filePath" : "unos.gspec",
                  "lineNumber" : 33
                },
                "name" : "css display is \"table-cell\"",
                "highlight" : [ "label-4" ]
              } ]
            }, {
              "name" : "label-5",
              "specs" : [ {
                "status" : "info",
                "place" : {
                  "filePath" : "unos.gspec",
                  "lineNumber" : 27
                },
                "name" : "left-of input-5",
                "meta" : [ {
                  "from" : {
                    "object" : "label-5",
                    "edge" : "right"
                  },
                  "to" : {
                    "object" : "input-5",
                    "edge" : "left"
                  },
                  "expectedDistance" : ">= 0px",
                  "realDistance" : "2px"
                } ],
                "highlight" : [ "label-5", "input-5" ]
              } ]
            }, {
              "name" : "input-1",
              "specs" : [ {
                "status" : "info",
                "place" : {
                  "filePath" : "unos.gspec",
                  "lineNumber" : 38
                },
                "name" : "aligned vertically all input-2",
                "highlight" : [ "input-1", "input-2" ]
              }, {
                "status" : "info",
                "place" : {
                  "filePath" : "unos.gspec",
                  "lineNumber" : 39
                },
                "name" : "above input-2",
                "meta" : [ {
                  "from" : {
                    "object" : "input-1",
                    "edge" : "bottom"
                  },
                  "to" : {
                    "object" : "input-2",
                    "edge" : "top"
                  },
                  "expectedDistance" : ">= 0px",
                  "realDistance" : "4px"
                } ],
                "highlight" : [ "input-1", "input-2" ]
              } ]
            }, {
              "name" : "input-2",
              "specs" : [ {
                "status" : "info",
                "place" : {
                  "filePath" : "unos.gspec",
                  "lineNumber" : 38
                },
                "name" : "aligned vertically all input-3",
                "highlight" : [ "input-2", "input-3" ]
              }, {
                "status" : "info",
                "place" : {
                  "filePath" : "unos.gspec",
                  "lineNumber" : 39
                },
                "name" : "above input-3",
                "meta" : [ {
                  "from" : {
                    "object" : "input-2",
                    "edge" : "bottom"
                  },
                  "to" : {
                    "object" : "input-3",
                    "edge" : "top"
                  },
                  "expectedDistance" : ">= 0px",
                  "realDistance" : "5px"
                } ],
                "highlight" : [ "input-2", "input-3" ]
              } ]
            }, {
              "name" : "input-3",
              "specs" : [ {
                "status" : "info",
                "place" : {
                  "filePath" : "unos.gspec",
                  "lineNumber" : 38
                },
                "name" : "aligned vertically all input-4",
                "highlight" : [ "input-3", "input-4" ]
              }, {
                "status" : "info",
                "place" : {
                  "filePath" : "unos.gspec",
                  "lineNumber" : 39
                },
                "name" : "above input-4",
                "meta" : [ {
                  "from" : {
                    "object" : "input-3",
                    "edge" : "bottom"
                  },
                  "to" : {
                    "object" : "input-4",
                    "edge" : "top"
                  },
                  "expectedDistance" : ">= 0px",
                  "realDistance" : "4px"
                } ],
                "highlight" : [ "input-3", "input-4" ]
              } ]
            } ]
          } ],
          "objects" : {
            "menu_item-3" : {
              "area" : [ 577, 185, 38, 18 ]
            },
            "menu_item-2" : {
              "area" : [ 500, 185, 32, 18 ]
            },
            "menu_item-5" : {
              "area" : [ 785, 185, 41, 18 ]
            },
            "menu_item-4" : {
              "area" : [ 660, 185, 75, 18 ]
            },
            "forma" : {
              "area" : [ 32, 256, 313, 158 ]
            },
            "menu_item-1" : {
              "area" : [ 401, 185, 55, 18 ]
            },
            "link-1" : {
              "area" : [ 401, 185, 55, 18 ]
            },
            "logo" : {
              "area" : [ 9, 61, 1170, 108 ]
            },
            "link-2" : {
              "area" : [ 500, 185, 32, 18 ]
            },
            "label-4" : {
              "area" : [ 45, 348, 122, 26 ]
            },
            "stavka" : {
              "area" : [ 401, 185, 55, 18 ]
            },
            "label-3" : {
              "area" : [ 45, 322, 122, 26 ]
            },
            "label-2" : {
              "area" : [ 45, 295, 122, 26 ]
            },
            "label-1" : {
              "area" : [ 45, 269, 122, 26 ]
            },
            "link-5" : {
              "area" : [ 785, 185, 41, 18 ]
            },
            "link-3" : {
              "area" : [ 577, 185, 38, 18 ]
            },
            "link-4" : {
              "area" : [ 660, 185, 75, 18 ]
            },
            "label-5" : {
              "area" : [ 45, 374, 122, 26 ]
            },
            "input-1" : {
              "area" : [ 169, 271, 161, 22 ]
            },
            "input-2" : {
              "area" : [ 169, 297, 161, 22 ]
            },
            "menu" : {
              "area" : [ 8, 60, 1171, 161 ]
            },
            "sadrzaj" : {
              "area" : [ 8, 232, 1171, 206 ]
            },
            "input-3" : {
              "area" : [ 169, 324, 161, 22 ]
            },
            "input-4" : {
              "area" : [ 169, 350, 161, 22 ]
            },
            "input-5" : {
              "area" : [ 169, 376, 58, 22 ]
            }
          },
          "screenshot" : "layout-1-screenshot.png",
          "type" : "layout"
        }, {
          "name" : "Mutation testing: unos.gspec included tags: ",
          "status" : "info",
          "time" : 1573658146014,
          "mutationReport" : {
            "objectMutationStatistics" : {
              "menu_item-3" : {
                "passed" : 10,
                "failed" : 0,
                "failedMutations" : [ ]
              },
              "menu_item-2" : {
                "passed" : 10,
                "failed" : 0,
                "failedMutations" : [ ]
              },
              "menu_item-5" : {
                "passed" : 10,
                "failed" : 0,
                "failedMutations" : [ ]
              },
              "menu_item-4" : {
                "passed" : 10,
                "failed" : 0,
                "failedMutations" : [ ]
              },
              "screen" : {
                "passed" : 10,
                "failed" : 0,
                "failedMutations" : [ ]
              },
              "forma" : {
                "passed" : 10,
                "failed" : 0,
                "failedMutations" : [ ]
              },
              "menu_item-1" : {
                "passed" : 10,
                "failed" : 0,
                "failedMutations" : [ ]
              },
              "link-1" : {
                "passed" : 10,
                "failed" : 0,
                "failedMutations" : [ ]
              },
              "logo" : {
                "passed" : 10,
                "failed" : 0,
                "failedMutations" : [ ]
              },
              "link-2" : {
                "passed" : 10,
                "failed" : 0,
                "failedMutations" : [ ]
              },
              "label-4" : {
                "passed" : 10,
                "failed" : 0,
                "failedMutations" : [ ]
              },
              "stavka" : {
                "passed" : 10,
                "failed" : 0,
                "failedMutations" : [ ]
              },
              "label-3" : {
                "passed" : 10,
                "failed" : 0,
                "failedMutations" : [ ]
              },
              "label-2" : {
                "passed" : 10,
                "failed" : 0,
                "failedMutations" : [ ]
              },
              "label-1" : {
                "passed" : 10,
                "failed" : 0,
                "failedMutations" : [ ]
              },
              "link-5" : {
                "passed" : 10,
                "failed" : 0,
                "failedMutations" : [ ]
              },
              "link-3" : {
                "passed" : 10,
                "failed" : 0,
                "failedMutations" : [ ]
              },
              "link-4" : {
                "passed" : 10,
                "failed" : 0,
                "failedMutations" : [ ]
              },
              "label-5" : {
                "passed" : 10,
                "failed" : 0,
                "failedMutations" : [ ]
              },
              "input-1" : {
                "passed" : 10,
                "failed" : 0,
                "failedMutations" : [ ]
              },
              "input-2" : {
                "passed" : 10,
                "failed" : 0,
                "failedMutations" : [ ]
              },
              "menu" : {
                "passed" : 10,
                "failed" : 0,
                "failedMutations" : [ ]
              },
              "sadrzaj" : {
                "passed" : 10,
                "failed" : 0,
                "failedMutations" : [ ]
              },
              "input-3" : {
                "passed" : 10,
                "failed" : 0,
                "failedMutations" : [ ]
              },
              "input-4" : {
                "passed" : 10,
                "failed" : 0,
                "failedMutations" : [ ]
              },
              "input-5" : {
                "passed" : 10,
                "failed" : 0,
                "failedMutations" : [ ]
              }
            },
            "totalPassed" : 260,
            "totalFailed" : 0,
            "failedRatio" : 0.0,
            "totalMutations" : 260
          },
          "type" : "mutation"
        } ],
        "time" : 1573658134627,
        "type" : "node"
      } ],
      "time" : 1573658129524,
      "type" : "node"
    } ]
  }
}