{
  "testId" : "1-mobilesale.gspec",
  "name" : "mobileSale.gspec",
  "report" : {
    "nodes" : [ {
      "name" : "Simple check",
      "status" : "info",
      "nodes" : [ {
        "name" : "check  mobileSale.gspec --url http:\\\\localhost\\sale.html --size 580x768 --htmlreport izvjestaji",
        "status" : "info",
        "nodes" : [ {
          "name" : "Check layout: mobileSale.gspec included tags: ",
          "status" : "info",
          "time" : 1573673227919,
          "sections" : [ {
            "name" : "Meni section",
            "place" : {
              "filePath" : "mobileSale.gspec",
              "lineNumber" : 15
            },
            "objects" : [ {
              "name" : "ul",
              "specs" : [ {
                "status" : "info",
                "place" : {
                  "filePath" : "mobileSale.gspec",
                  "lineNumber" : 18
                },
                "name" : "inside meni",
                "meta" : [ ],
                "highlight" : [ "ul", "meni" ]
              }, {
                "status" : "info",
                "place" : {
                  "filePath" : "mobileSale.gspec",
                  "lineNumber" : 20
                },
                "name" : "css list-style is \"outside none disc\"",
                "highlight" : [ "ul" ]
              }, {
                "status" : "info",
                "place" : {
                  "filePath" : "mobileSale.gspec",
                  "lineNumber" : 21
                },
                "name" : "css display is \"block\"",
                "highlight" : [ "ul" ]
              } ]
            }, {
              "name" : "logo",
              "specs" : [ {
                "status" : "info",
                "place" : {
                  "filePath" : "mobileSale.gspec",
                  "lineNumber" : 18
                },
                "name" : "inside meni",
                "meta" : [ ],
                "highlight" : [ "logo", "meni" ]
              } ]
            } ]
          }, {
            "name" : "Main section",
            "place" : {
              "filePath" : "mobileSale.gspec",
              "lineNumber" : 23
            },
            "objects" : [ {
              "name" : "tabelaSala",
              "specs" : [ {
                "status" : "info",
                "place" : {
                  "filePath" : "mobileSale.gspec",
                  "lineNumber" : 25
                },
                "name" : "inside sadrzaj",
                "meta" : [ ],
                "highlight" : [ "tabelaSala", "sadrzaj" ]
              } ]
            }, {
              "name" : "headerRedni",
              "specs" : [ {
                "status" : "info",
                "place" : {
                  "filePath" : "mobileSale.gspec",
                  "lineNumber" : 28
                },
                "name" : "absent",
                "highlight" : [ ]
              } ]
            }, {
              "name" : "headerSprat",
              "specs" : [ {
                "status" : "info",
                "place" : {
                  "filePath" : "mobileSale.gspec",
                  "lineNumber" : 28
                },
                "name" : "absent",
                "highlight" : [ ]
              } ]
            }, {
              "name" : "sala",
              "specs" : [ {
                "status" : "info",
                "place" : {
                  "filePath" : "mobileSale.gspec",
                  "lineNumber" : 32
                },
                "name" : "inside tabelaSala",
                "meta" : [ ],
                "highlight" : [ "sala", "tabelaSala" ]
              } ]
            }, {
              "name" : "slobodnaSala",
              "specs" : [ {
                "status" : "info",
                "place" : {
                  "filePath" : "mobileSale.gspec",
                  "lineNumber" : 32
                },
                "name" : "inside tabelaSala",
                "meta" : [ ],
                "highlight" : [ "slobodnaSala", "tabelaSala" ]
              }, {
                "status" : "info",
                "place" : {
                  "filePath" : "mobileSale.gspec",
                  "lineNumber" : 35
                },
                "name" : "css background-color is \"rgba(2, 107, 2, 1)\"",
                "highlight" : [ "slobodnaSala" ]
              } ]
            }, {
              "name" : "zauzetaSala",
              "specs" : [ {
                "status" : "info",
                "place" : {
                  "filePath" : "mobileSale.gspec",
                  "lineNumber" : 32
                },
                "name" : "inside tabelaSala",
                "meta" : [ ],
                "highlight" : [ "zauzetaSala", "tabelaSala" ]
              }, {
                "status" : "info",
                "place" : {
                  "filePath" : "mobileSale.gspec",
                  "lineNumber" : 38
                },
                "name" : "css background-color is \"rgba(190, 5, 5, 1)\"",
                "highlight" : [ "zauzetaSala" ]
              } ]
            }, {
              "name" : "kancelarija",
              "specs" : [ {
                "status" : "info",
                "place" : {
                  "filePath" : "mobileSale.gspec",
                  "lineNumber" : 41
                },
                "name" : "css background-color is \"rgba(102, 120, 145, 1)\"",
                "highlight" : [ "kancelarija" ]
              } ]
            } ]
          } ],
          "objects" : {
            "meni" : {
              "area" : [ 0, 16, 547, 223 ]
            },
            "zauzetaSala" : {
              "area" : [ 374, 279, 67, 67 ]
            },
            "sala" : {
              "area" : [ 106, 279, 67, 67 ]
            },
            "ul" : {
              "area" : [ 187, 88, 171, 151 ]
            },
            "logo" : {
              "area" : [ 27, 16, 493, 56 ]
            },
            "sadrzaj" : {
              "area" : [ 0, 239, 547, 510 ]
            },
            "kancelarija" : {
              "area" : [ 173, 279, 67, 67 ]
            },
            "tabelaSala" : {
              "area" : [ 106, 277, 335, 472 ]
            },
            "slobodnaSala" : {
              "area" : [ 106, 279, 67, 67 ]
            }
          },
          "screenshot" : "layout-1-screenshot.png",
          "type" : "layout"
        } ],
        "time" : 1573673225104,
        "type" : "node"
      } ],
      "time" : 1573673213589,
      "type" : "node"
    } ]
  }
}