{
  "testId" : "1-mobilerezervacije.gspec",
  "name" : "mobileRezervacije.gspec",
  "report" : {
    "nodes" : [ {
      "name" : "Simple check",
      "status" : "info",
      "nodes" : [ {
        "name" : "check  mobileRezervacije.gspec --url http:\\\\localhost\\rezervacije.html --size 580x768 --htmlreport izvjestaji",
        "status" : "info",
        "nodes" : [ {
          "name" : "Check layout: mobileRezervacije.gspec included tags: ",
          "status" : "info",
          "time" : 1573673172977,
          "sections" : [ {
            "name" : "Meni section",
            "place" : {
              "filePath" : "mobileRezervacije.gspec",
              "lineNumber" : 21
            },
            "objects" : [ {
              "name" : "ul",
              "specs" : [ {
                "status" : "info",
                "place" : {
                  "filePath" : "mobileRezervacije.gspec",
                  "lineNumber" : 23
                },
                "name" : "inside meni",
                "meta" : [ ],
                "highlight" : [ "ul", "meni" ]
              }, {
                "status" : "info",
                "place" : {
                  "filePath" : "mobileRezervacije.gspec",
                  "lineNumber" : 25
                },
                "name" : "below logo",
                "meta" : [ {
                  "from" : {
                    "object" : "ul",
                    "edge" : "top"
                  },
                  "to" : {
                    "object" : "logo",
                    "edge" : "bottom"
                  },
                  "expectedDistance" : ">= 0px",
                  "realDistance" : "16px"
                } ],
                "highlight" : [ "ul", "logo" ]
              } ]
            }, {
              "name" : "logo",
              "specs" : [ {
                "status" : "info",
                "place" : {
                  "filePath" : "mobileRezervacije.gspec",
                  "lineNumber" : 23
                },
                "name" : "inside meni",
                "meta" : [ ],
                "highlight" : [ "logo", "meni" ]
              } ]
            } ]
          }, {
            "name" : "Main section",
            "place" : {
              "filePath" : "mobileRezervacije.gspec",
              "lineNumber" : 27
            },
            "objects" : [ {
              "name" : "sale",
              "specs" : [ {
                "status" : "info",
                "place" : {
                  "filePath" : "mobileRezervacije.gspec",
                  "lineNumber" : 30
                },
                "name" : "inside sadrzaj",
                "meta" : [ ],
                "highlight" : [ "sale", "sadrzaj" ]
              }, {
                "status" : "info",
                "place" : {
                  "filePath" : "mobileRezervacije.gspec",
                  "lineNumber" : 31
                },
                "name" : "inside formaUnosa",
                "meta" : [ ],
                "highlight" : [ "sale", "formaUnosa" ]
              }, {
                "status" : "info",
                "place" : {
                  "filePath" : "mobileRezervacije.gspec",
                  "lineNumber" : 32
                },
                "name" : "below label",
                "meta" : [ {
                  "from" : {
                    "object" : "sale",
                    "edge" : "top"
                  },
                  "to" : {
                    "object" : "label",
                    "edge" : "bottom"
                  },
                  "expectedDistance" : ">= 0px",
                  "realDistance" : "8px"
                } ],
                "highlight" : [ "sale", "label" ]
              }, {
                "status" : "info",
                "place" : {
                  "filePath" : "mobileRezervacije.gspec",
                  "lineNumber" : 33
                },
                "name" : "above okvir",
                "meta" : [ {
                  "from" : {
                    "object" : "sale",
                    "edge" : "bottom"
                  },
                  "to" : {
                    "object" : "okvir",
                    "edge" : "top"
                  },
                  "expectedDistance" : ">= 0px",
                  "realDistance" : "303px"
                } ],
                "highlight" : [ "sale", "okvir" ]
              } ]
            }, {
              "name" : "iPeriodicna",
              "specs" : [ {
                "status" : "info",
                "place" : {
                  "filePath" : "mobileRezervacije.gspec",
                  "lineNumber" : 30
                },
                "name" : "inside sadrzaj",
                "meta" : [ ],
                "highlight" : [ "iPeriodicna", "sadrzaj" ]
              }, {
                "status" : "info",
                "place" : {
                  "filePath" : "mobileRezervacije.gspec",
                  "lineNumber" : 31
                },
                "name" : "inside formaUnosa",
                "meta" : [ ],
                "highlight" : [ "iPeriodicna", "formaUnosa" ]
              }, {
                "status" : "info",
                "place" : {
                  "filePath" : "mobileRezervacije.gspec",
                  "lineNumber" : 32
                },
                "name" : "below label",
                "meta" : [ {
                  "from" : {
                    "object" : "iPeriodicna",
                    "edge" : "top"
                  },
                  "to" : {
                    "object" : "label",
                    "edge" : "bottom"
                  },
                  "expectedDistance" : ">= 0px",
                  "realDistance" : "86px"
                } ],
                "highlight" : [ "iPeriodicna", "label" ]
              }, {
                "status" : "info",
                "place" : {
                  "filePath" : "mobileRezervacije.gspec",
                  "lineNumber" : 33
                },
                "name" : "above okvir",
                "meta" : [ {
                  "from" : {
                    "object" : "iPeriodicna",
                    "edge" : "bottom"
                  },
                  "to" : {
                    "object" : "okvir",
                    "edge" : "top"
                  },
                  "expectedDistance" : ">= 0px",
                  "realDistance" : "238px"
                } ],
                "highlight" : [ "iPeriodicna", "okvir" ]
              } ]
            }, {
              "name" : "iPocetak",
              "specs" : [ {
                "status" : "info",
                "place" : {
                  "filePath" : "mobileRezervacije.gspec",
                  "lineNumber" : 30
                },
                "name" : "inside sadrzaj",
                "meta" : [ ],
                "highlight" : [ "iPocetak", "sadrzaj" ]
              }, {
                "status" : "info",
                "place" : {
                  "filePath" : "mobileRezervacije.gspec",
                  "lineNumber" : 31
                },
                "name" : "inside formaUnosa",
                "meta" : [ ],
                "highlight" : [ "iPocetak", "formaUnosa" ]
              }, {
                "status" : "info",
                "place" : {
                  "filePath" : "mobileRezervacije.gspec",
                  "lineNumber" : 32
                },
                "name" : "below label",
                "meta" : [ {
                  "from" : {
                    "object" : "iPocetak",
                    "edge" : "top"
                  },
                  "to" : {
                    "object" : "label",
                    "edge" : "bottom"
                  },
                  "expectedDistance" : ">= 0px",
                  "realDistance" : "151px"
                } ],
                "highlight" : [ "iPocetak", "label" ]
              }, {
                "status" : "info",
                "place" : {
                  "filePath" : "mobileRezervacije.gspec",
                  "lineNumber" : 33
                },
                "name" : "above okvir",
                "meta" : [ {
                  "from" : {
                    "object" : "iPocetak",
                    "edge" : "bottom"
                  },
                  "to" : {
                    "object" : "okvir",
                    "edge" : "top"
                  },
                  "expectedDistance" : ">= 0px",
                  "realDistance" : "155px"
                } ],
                "highlight" : [ "iPocetak", "okvir" ]
              } ]
            }, {
              "name" : "iKraj",
              "specs" : [ {
                "status" : "info",
                "place" : {
                  "filePath" : "mobileRezervacije.gspec",
                  "lineNumber" : 30
                },
                "name" : "inside sadrzaj",
                "meta" : [ ],
                "highlight" : [ "iKraj", "sadrzaj" ]
              }, {
                "status" : "info",
                "place" : {
                  "filePath" : "mobileRezervacije.gspec",
                  "lineNumber" : 31
                },
                "name" : "inside formaUnosa",
                "meta" : [ ],
                "highlight" : [ "iKraj", "formaUnosa" ]
              }, {
                "status" : "info",
                "place" : {
                  "filePath" : "mobileRezervacije.gspec",
                  "lineNumber" : 32
                },
                "name" : "below label",
                "meta" : [ {
                  "from" : {
                    "object" : "iKraj",
                    "edge" : "top"
                  },
                  "to" : {
                    "object" : "label",
                    "edge" : "bottom"
                  },
                  "expectedDistance" : ">= 0px",
                  "realDistance" : "234px"
                } ],
                "highlight" : [ "iKraj", "label" ]
              }, {
                "status" : "info",
                "place" : {
                  "filePath" : "mobileRezervacije.gspec",
                  "lineNumber" : 33
                },
                "name" : "above okvir",
                "meta" : [ {
                  "from" : {
                    "object" : "iKraj",
                    "edge" : "bottom"
                  },
                  "to" : {
                    "object" : "okvir",
                    "edge" : "top"
                  },
                  "expectedDistance" : ">= 0px",
                  "realDistance" : "72px"
                } ],
                "highlight" : [ "iKraj", "okvir" ]
              } ]
            }, {
              "name" : "redDana",
              "specs" : [ {
                "status" : "info",
                "place" : {
                  "filePath" : "mobileRezervacije.gspec",
                  "lineNumber" : 36
                },
                "name" : "inside okvir",
                "meta" : [ ],
                "highlight" : [ "redDana", "okvir" ]
              }, {
                "status" : "info",
                "place" : {
                  "filePath" : "mobileRezervacije.gspec",
                  "lineNumber" : 42
                },
                "name" : "left-of prvaSedmica",
                "meta" : [ {
                  "from" : {
                    "object" : "redDana",
                    "edge" : "right"
                  },
                  "to" : {
                    "object" : "prvaSedmica",
                    "edge" : "left"
                  },
                  "expectedDistance" : ">= 0px",
                  "realDistance" : "32px"
                } ],
                "highlight" : [ "redDana", "prvaSedmica" ]
              } ]
            }, {
              "name" : "prvaSedmica",
              "specs" : [ {
                "status" : "info",
                "place" : {
                  "filePath" : "mobileRezervacije.gspec",
                  "lineNumber" : 36
                },
                "name" : "inside okvir",
                "meta" : [ ],
                "highlight" : [ "prvaSedmica", "okvir" ]
              } ]
            }, {
              "name" : "ostatakMj",
              "specs" : [ {
                "status" : "info",
                "place" : {
                  "filePath" : "mobileRezervacije.gspec",
                  "lineNumber" : 39
                },
                "name" : "absent",
                "highlight" : [ ]
              } ]
            }, {
              "name" : "dugmad",
              "specs" : [ {
                "status" : "info",
                "place" : {
                  "filePath" : "mobileRezervacije.gspec",
                  "lineNumber" : 45
                },
                "name" : "below okvir",
                "meta" : [ {
                  "from" : {
                    "object" : "dugmad",
                    "edge" : "top"
                  },
                  "to" : {
                    "object" : "okvir",
                    "edge" : "bottom"
                  },
                  "expectedDistance" : ">= 0px",
                  "realDistance" : "32px"
                } ],
                "highlight" : [ "dugmad", "okvir" ]
              } ]
            }, {
              "name" : "bMjesec",
              "specs" : [ {
                "status" : "info",
                "place" : {
                  "filePath" : "mobileRezervacije.gspec",
                  "lineNumber" : 48
                },
                "name" : "css background-color is \"rgba(43, 95, 173, 1)\"",
                "highlight" : [ "bMjesec" ]
              } ]
            } ]
          } ],
          "objects" : {
            "meni" : {
              "area" : [ 0, 16, 547, 203 ]
            },
            "redDana" : {
              "area" : [ 187, 744, 70, 328 ]
            },
            "formaUnosa" : {
              "area" : [ 121, 283, 304, 309 ]
            },
            "iPeriodicna" : {
              "area" : [ 193, 388, 160, 30 ]
            },
            "bMjesec" : {
              "area" : [ 153, 1158, 102, 51 ]
            },
            "label" : {
              "area" : [ 227, 283, 92, 19 ]
            },
            "okvir" : {
              "area" : [ 152, 656, 242, 470 ]
            },
            "prvaSedmica" : {
              "area" : [ 289, 744, 70, 328 ]
            },
            "sadrzaj" : {
              "area" : [ 0, 283, 547, 971 ]
            },
            "iPocetak" : {
              "area" : [ 193, 453, 160, 48 ]
            },
            "sale" : {
              "area" : [ 193, 310, 160, 43 ]
            },
            "iKraj" : {
              "area" : [ 193, 536, 160, 48 ]
            },
            "ul" : {
              "area" : [ 181, 68, 185, 151 ]
            },
            "logo" : {
              "area" : [ 27, 16, 493, 36 ]
            },
            "dugmad" : {
              "area" : [ 153, 1158, 240, 96 ]
            }
          },
          "screenshot" : "layout-1-screenshot.png",
          "type" : "layout"
        } ],
        "time" : 1573673169228,
        "type" : "node"
      } ],
      "time" : 1573673157514,
      "type" : "node"
    } ]
  }
}