{
  "testId" : "1-mobileunos.gspec",
  "name" : "mobileUnos.gspec",
  "report" : {
    "nodes" : [ {
      "name" : "Simple check",
      "status" : "info",
      "nodes" : [ {
        "name" : "check  mobileUnos.gspec --url http:\\\\localhost\\unos.html --size 580x768 --htmlreport izvjestaji",
        "status" : "info",
        "nodes" : [ {
          "name" : "Check layout: mobileUnos.gspec included tags: ",
          "status" : "info",
          "time" : 1573673202822,
          "sections" : [ {
            "name" : "Meni section",
            "place" : {
              "filePath" : "mobileUnos.gspec",
              "lineNumber" : 14
            },
            "objects" : [ {
              "name" : "ul",
              "specs" : [ {
                "status" : "info",
                "place" : {
                  "filePath" : "mobileUnos.gspec",
                  "lineNumber" : 16
                },
                "name" : "inside meni",
                "meta" : [ ],
                "highlight" : [ "ul", "meni" ]
              }, {
                "status" : "info",
                "place" : {
                  "filePath" : "mobileUnos.gspec",
                  "lineNumber" : 18
                },
                "name" : "css list-style is \"outside none disc\"",
                "highlight" : [ "ul" ]
              }, {
                "status" : "info",
                "place" : {
                  "filePath" : "mobileUnos.gspec",
                  "lineNumber" : 19
                },
                "name" : "css display is \"block\"",
                "highlight" : [ "ul" ]
              } ]
            }, {
              "name" : "logo",
              "specs" : [ {
                "status" : "info",
                "place" : {
                  "filePath" : "mobileUnos.gspec",
                  "lineNumber" : 16
                },
                "name" : "inside meni",
                "meta" : [ ],
                "highlight" : [ "logo", "meni" ]
              } ]
            } ]
          }, {
            "name" : "Main section",
            "place" : {
              "filePath" : "mobileUnos.gspec",
              "lineNumber" : 21
            },
            "objects" : [ {
              "name" : "iNaziv",
              "specs" : [ {
                "status" : "info",
                "place" : {
                  "filePath" : "mobileUnos.gspec",
                  "lineNumber" : 23
                },
                "name" : "inside formaUnosa",
                "meta" : [ ],
                "highlight" : [ "iNaziv", "formaUnosa" ]
              }, {
                "status" : "info",
                "place" : {
                  "filePath" : "mobileUnos.gspec",
                  "lineNumber" : 24
                },
                "name" : "below label",
                "meta" : [ {
                  "from" : {
                    "object" : "iNaziv",
                    "edge" : "top"
                  },
                  "to" : {
                    "object" : "label",
                    "edge" : "bottom"
                  },
                  "expectedDistance" : ">= 0px",
                  "realDistance" : "8px"
                } ],
                "highlight" : [ "iNaziv", "label" ]
              } ]
            }, {
              "name" : "iBrojMjesta",
              "specs" : [ {
                "status" : "info",
                "place" : {
                  "filePath" : "mobileUnos.gspec",
                  "lineNumber" : 23
                },
                "name" : "inside formaUnosa",
                "meta" : [ ],
                "highlight" : [ "iBrojMjesta", "formaUnosa" ]
              }, {
                "status" : "info",
                "place" : {
                  "filePath" : "mobileUnos.gspec",
                  "lineNumber" : 24
                },
                "name" : "below label",
                "meta" : [ {
                  "from" : {
                    "object" : "iBrojMjesta",
                    "edge" : "top"
                  },
                  "to" : {
                    "object" : "label",
                    "edge" : "bottom"
                  },
                  "expectedDistance" : ">= 0px",
                  "realDistance" : "94px"
                } ],
                "highlight" : [ "iBrojMjesta", "label" ]
              } ]
            }, {
              "name" : "iOdgOsoba",
              "specs" : [ {
                "status" : "info",
                "place" : {
                  "filePath" : "mobileUnos.gspec",
                  "lineNumber" : 23
                },
                "name" : "inside formaUnosa",
                "meta" : [ ],
                "highlight" : [ "iOdgOsoba", "formaUnosa" ]
              }, {
                "status" : "info",
                "place" : {
                  "filePath" : "mobileUnos.gspec",
                  "lineNumber" : 24
                },
                "name" : "below label",
                "meta" : [ {
                  "from" : {
                    "object" : "iOdgOsoba",
                    "edge" : "top"
                  },
                  "to" : {
                    "object" : "label",
                    "edge" : "bottom"
                  },
                  "expectedDistance" : ">= 0px",
                  "realDistance" : "199px"
                } ],
                "highlight" : [ "iOdgOsoba", "label" ]
              } ]
            } ]
          } ],
          "objects" : {
            "meni" : {
              "area" : [ 0, 16, 547, 203 ]
            },
            "formaUnosa" : {
              "area" : [ 103, 257, 339, 320 ]
            },
            "ul" : {
              "area" : [ 187, 68, 171, 151 ]
            },
            "logo" : {
              "area" : [ 27, 16, 493, 36 ]
            },
            "label" : {
              "area" : [ 205, 265, 135, 19 ]
            },
            "iBrojMjesta" : {
              "area" : [ 205, 378, 135, 43 ]
            },
            "iNaziv" : {
              "area" : [ 205, 292, 135, 43 ]
            },
            "iOdgOsoba" : {
              "area" : [ 205, 483, 135, 43 ]
            }
          },
          "screenshot" : "layout-1-screenshot.png",
          "type" : "layout"
        } ],
        "time" : 1573673200424,
        "type" : "node"
      } ],
      "time" : 1573673188771,
      "type" : "node"
    } ]
  }
}