{
  "testId" : "1-sale.gspec",
  "name" : "sale.gspec",
  "report" : {
    "nodes" : [ {
      "name" : "Simple check",
      "status" : "info",
      "nodes" : [ {
        "name" : "check  sale.gspec --url http:\\\\localhost\\sale.html --size 1024x768 --htmlreport izvjestaji",
        "status" : "info",
        "nodes" : [ {
          "name" : "Check layout: sale.gspec included tags: ",
          "status" : "info",
          "time" : 1573672428970,
          "sections" : [ {
            "name" : "Meni section",
            "place" : {
              "filePath" : "sale.gspec",
              "lineNumber" : 15
            },
            "objects" : [ {
              "name" : "ul",
              "specs" : [ {
                "status" : "info",
                "place" : {
                  "filePath" : "sale.gspec",
                  "lineNumber" : 18
                },
                "name" : "inside meni",
                "meta" : [ ],
                "highlight" : [ "ul", "meni" ]
              }, {
                "status" : "info",
                "place" : {
                  "filePath" : "sale.gspec",
                  "lineNumber" : 20
                },
                "name" : "below logo",
                "meta" : [ {
                  "from" : {
                    "object" : "ul",
                    "edge" : "top"
                  },
                  "to" : {
                    "object" : "logo",
                    "edge" : "bottom"
                  },
                  "expectedDistance" : ">= 0px",
                  "realDistance" : "16px"
                } ],
                "highlight" : [ "ul", "logo" ]
              } ]
            }, {
              "name" : "logo",
              "specs" : [ {
                "status" : "info",
                "place" : {
                  "filePath" : "sale.gspec",
                  "lineNumber" : 18
                },
                "name" : "inside meni",
                "meta" : [ ],
                "highlight" : [ "logo", "meni" ]
              } ]
            } ]
          }, {
            "name" : "Main section",
            "place" : {
              "filePath" : "sale.gspec",
              "lineNumber" : 22
            },
            "objects" : [ {
              "name" : "tabelaSala",
              "specs" : [ {
                "status" : "info",
                "place" : {
                  "filePath" : "sale.gspec",
                  "lineNumber" : 24
                },
                "name" : "inside sadrzaj",
                "meta" : [ ],
                "highlight" : [ "tabelaSala", "sadrzaj" ]
              } ]
            }, {
              "name" : "headerRedni",
              "specs" : [ {
                "status" : "info",
                "place" : {
                  "filePath" : "sale.gspec",
                  "lineNumber" : 27
                },
                "name" : "inside tabelaSala",
                "meta" : [ ],
                "highlight" : [ "headerRedni", "tabelaSala" ]
              }, {
                "status" : "info",
                "place" : {
                  "filePath" : "sale.gspec",
                  "lineNumber" : 30
                },
                "name" : "left-of sala",
                "meta" : [ {
                  "from" : {
                    "object" : "headerRedni",
                    "edge" : "right"
                  },
                  "to" : {
                    "object" : "sala",
                    "edge" : "left"
                  },
                  "expectedDistance" : ">= 0px",
                  "realDistance" : "0px"
                } ],
                "highlight" : [ "headerRedni", "sala" ]
              }, {
                "status" : "info",
                "place" : {
                  "filePath" : "sale.gspec",
                  "lineNumber" : 31
                },
                "name" : "left-of kancelarija",
                "meta" : [ {
                  "from" : {
                    "object" : "headerRedni",
                    "edge" : "right"
                  },
                  "to" : {
                    "object" : "kancelarija",
                    "edge" : "left"
                  },
                  "expectedDistance" : ">= 0px",
                  "realDistance" : "67px"
                } ],
                "highlight" : [ "headerRedni", "kancelarija" ]
              }, {
                "status" : "info",
                "place" : {
                  "filePath" : "sale.gspec",
                  "lineNumber" : 32
                },
                "name" : "left-of slobodnaSala",
                "meta" : [ {
                  "from" : {
                    "object" : "headerRedni",
                    "edge" : "right"
                  },
                  "to" : {
                    "object" : "slobodnaSala",
                    "edge" : "left"
                  },
                  "expectedDistance" : ">= 0px",
                  "realDistance" : "0px"
                } ],
                "highlight" : [ "headerRedni", "slobodnaSala" ]
              }, {
                "status" : "info",
                "place" : {
                  "filePath" : "sale.gspec",
                  "lineNumber" : 33
                },
                "name" : "left-of zauzetaSala",
                "meta" : [ {
                  "from" : {
                    "object" : "headerRedni",
                    "edge" : "right"
                  },
                  "to" : {
                    "object" : "zauzetaSala",
                    "edge" : "left"
                  },
                  "expectedDistance" : ">= 0px",
                  "realDistance" : "268px"
                } ],
                "highlight" : [ "headerRedni", "zauzetaSala" ]
              } ]
            }, {
              "name" : "headerSprat",
              "specs" : [ {
                "status" : "info",
                "place" : {
                  "filePath" : "sale.gspec",
                  "lineNumber" : 27
                },
                "name" : "inside tabelaSala",
                "meta" : [ ],
                "highlight" : [ "headerSprat", "tabelaSala" ]
              }, {
                "status" : "info",
                "place" : {
                  "filePath" : "sale.gspec",
                  "lineNumber" : 36
                },
                "name" : "above sala",
                "meta" : [ {
                  "from" : {
                    "object" : "headerSprat",
                    "edge" : "bottom"
                  },
                  "to" : {
                    "object" : "sala",
                    "edge" : "top"
                  },
                  "expectedDistance" : ">= 0px",
                  "realDistance" : "67px"
                } ],
                "highlight" : [ "headerSprat", "sala" ]
              }, {
                "status" : "info",
                "place" : {
                  "filePath" : "sale.gspec",
                  "lineNumber" : 37
                },
                "name" : "above kancelarija",
                "meta" : [ {
                  "from" : {
                    "object" : "headerSprat",
                    "edge" : "bottom"
                  },
                  "to" : {
                    "object" : "kancelarija",
                    "edge" : "top"
                  },
                  "expectedDistance" : ">= 0px",
                  "realDistance" : "67px"
                } ],
                "highlight" : [ "headerSprat", "kancelarija" ]
              }, {
                "status" : "info",
                "place" : {
                  "filePath" : "sale.gspec",
                  "lineNumber" : 38
                },
                "name" : "above slobodnaSala",
                "meta" : [ {
                  "from" : {
                    "object" : "headerSprat",
                    "edge" : "bottom"
                  },
                  "to" : {
                    "object" : "slobodnaSala",
                    "edge" : "top"
                  },
                  "expectedDistance" : ">= 0px",
                  "realDistance" : "67px"
                } ],
                "highlight" : [ "headerSprat", "slobodnaSala" ]
              }, {
                "status" : "info",
                "place" : {
                  "filePath" : "sale.gspec",
                  "lineNumber" : 39
                },
                "name" : "above zauzetaSala",
                "meta" : [ {
                  "from" : {
                    "object" : "headerSprat",
                    "edge" : "bottom"
                  },
                  "to" : {
                    "object" : "zauzetaSala",
                    "edge" : "top"
                  },
                  "expectedDistance" : ">= 0px",
                  "realDistance" : "67px"
                } ],
                "highlight" : [ "headerSprat", "zauzetaSala" ]
              } ]
            }, {
              "name" : "sala",
              "specs" : [ {
                "status" : "info",
                "place" : {
                  "filePath" : "sale.gspec",
                  "lineNumber" : 27
                },
                "name" : "inside tabelaSala",
                "meta" : [ ],
                "highlight" : [ "sala", "tabelaSala" ]
              } ]
            }, {
              "name" : "slobodnaSala",
              "specs" : [ {
                "status" : "info",
                "place" : {
                  "filePath" : "sale.gspec",
                  "lineNumber" : 27
                },
                "name" : "inside tabelaSala",
                "meta" : [ ],
                "highlight" : [ "slobodnaSala", "tabelaSala" ]
              }, {
                "status" : "info",
                "place" : {
                  "filePath" : "sale.gspec",
                  "lineNumber" : 43
                },
                "name" : "css background-color is \"rgba(2, 107, 2, 1)\"",
                "highlight" : [ "slobodnaSala" ]
              } ]
            }, {
              "name" : "zauzetaSala",
              "specs" : [ {
                "status" : "info",
                "place" : {
                  "filePath" : "sale.gspec",
                  "lineNumber" : 27
                },
                "name" : "inside tabelaSala",
                "meta" : [ ],
                "highlight" : [ "zauzetaSala", "tabelaSala" ]
              }, {
                "status" : "info",
                "place" : {
                  "filePath" : "sale.gspec",
                  "lineNumber" : 46
                },
                "name" : "css background-color is \"rgba(190, 5, 5, 1)\"",
                "highlight" : [ "zauzetaSala" ]
              } ]
            }, {
              "name" : "kancelarija",
              "specs" : [ {
                "status" : "info",
                "place" : {
                  "filePath" : "sale.gspec",
                  "lineNumber" : 49
                },
                "name" : "css background-color is \"rgba(102, 120, 145, 1)\"",
                "highlight" : [ "kancelarija" ]
              } ]
            } ]
          } ],
          "objects" : {
            "meni" : {
              "area" : [ 0, 29, 991, 92 ]
            },
            "headerSprat" : {
              "area" : [ 369, 190, 335, 67 ]
            },
            "zauzetaSala" : {
              "area" : [ 637, 324, 67, 67 ]
            },
            "sala" : {
              "area" : [ 369, 324, 67, 67 ]
            },
            "ul" : {
              "area" : [ 226, 91, 539, 30 ]
            },
            "logo" : {
              "area" : [ 49, 29, 891, 46 ]
            },
            "headerRedni" : {
              "area" : [ 286, 257, 83, 67 ]
            },
            "sadrzaj" : {
              "area" : [ 0, 121, 991, 673 ]
            },
            "kancelarija" : {
              "area" : [ 436, 324, 67, 67 ]
            },
            "tabelaSala" : {
              "area" : [ 286, 190, 419, 604 ]
            },
            "slobodnaSala" : {
              "area" : [ 369, 324, 67, 67 ]
            }
          },
          "screenshot" : "layout-1-screenshot.png",
          "type" : "layout"
        } ],
        "time" : 1573672425903,
        "type" : "node"
      } ],
      "time" : 1573672414232,
      "type" : "node"
    } ]
  }
}