{
  "tests" : [ {
    "name" : "mobileSale.gspec",
    "startedAt" : 1573669277381,
    "endedAt" : 1573669277512,
    "failed" : true,
    "statistic" : {
      "passed" : 0,
      "errors" : 1,
      "warnings" : 0,
      "total" : 1
    },
    "testId" : "1-mobilesale.gspec",
    "exceptionMessage" : "WebDriverException: Cannot find firefox binary in PATH. Make sure firefox is installed. OS appears to be: WIN10\nBuild info: version: 'unknown', revision: 'unknown', time: 'unknown'\nSystem info: host: 'DESKTOP-FP7KPS8', ip: '192.168.150.2', os.name: 'Windows 10', os.arch: 'x86', os.version: '10.0', java.version: '1.8.0_231'\nDriver info: driver.version: FirefoxDriver",
    "exceptionStacktrace" : "org.openqa.selenium.WebDriverException: Cannot find firefox binary in PATH. Make sure firefox is installed. OS appears to be: WIN10\nBuild info: version: 'unknown', revision: 'unknown', time: 'unknown'\nSystem info: host: 'DESKTOP-FP7KPS8', ip: '192.168.150.2', os.name: 'Windows 10', os.arch: 'x86', os.version: '10.0', java.version: '1.8.0_231'\nDriver info: driver.version: FirefoxDriver\r\n\tat org.openqa.selenium.firefox.FirefoxBinary.<init>(FirefoxBinary.java:116)\r\n\tat java.util.Optional.orElseGet(Unknown Source)\r\n\tat org.openqa.selenium.firefox.FirefoxOptions.getBinary(FirefoxOptions.java:216)\r\n\tat org.openqa.selenium.firefox.FirefoxDriver.toExecutor(FirefoxDriver.java:165)\r\n\tat org.openqa.selenium.firefox.FirefoxDriver.<init>(FirefoxDriver.java:125)\r\n\tat org.openqa.selenium.firefox.FirefoxDriver.<init>(FirefoxDriver.java:111)\r\n\tat com.galenframework.browser.SeleniumBrowserFactory.getDriver(SeleniumBrowserFactory.java:100)\r\n\tat com.galenframework.browser.SeleniumBrowserFactory.createLocalBrowser(SeleniumBrowserFactory.java:94)\r\n\tat com.galenframework.browser.SeleniumBrowserFactory.openBrowser(SeleniumBrowserFactory.java:70)\r\n\tat com.galenframework.runner.GalenBasicTestRunner.runTest(GalenBasicTestRunner.java:73)\r\n\tat com.galenframework.tests.GalenBasicTest.execute(GalenBasicTest.java:55)\r\n\tat com.galenframework.TestRunnable.runTest(TestRunnable.java:75)\r\n\tat com.galenframework.TestRunnable.run(TestRunnable.java:101)\r\n\tat java.util.concurrent.ThreadPoolExecutor.runWorker(Unknown Source)\r\n\tat java.util.concurrent.ThreadPoolExecutor$Worker.run(Unknown Source)\r\n\tat java.lang.Thread.run(Unknown Source)\r\n",
    "duration" : 131,
    "failed" : true
  } ]
}