{
  "testId" : "1-mobilepocetna.gspec",
  "name" : "mobilePocetna.gspec",
  "report" : {
    "nodes" : [ {
      "name" : "Simple check",
      "status" : "info",
      "nodes" : [ {
        "name" : "check  mobilePocetna.gspec --url http://localhost/pocetna.html --size 600x768 --htmlreport izvjestaj_mobilePocetna",
        "status" : "info",
        "nodes" : [ {
          "name" : "Check layout: mobilePocetna.gspec included tags: ",
          "status" : "info",
          "time" : 1573602971498,
          "sections" : [ {
            "name" : "Body section",
            "place" : {
              "filePath" : "mobilePocetna.gspec",
              "lineNumber" : 8
            },
            "objects" : [ {
              "name" : "header",
              "specs" : [ {
                "status" : "info",
                "place" : {
                  "filePath" : "mobilePocetna.gspec",
                  "lineNumber" : 10
                },
                "name" : "inside body",
                "meta" : [ ],
                "highlight" : [ "header", "body" ]
              }, {
                "status" : "info",
                "place" : {
                  "filePath" : "mobilePocetna.gspec",
                  "lineNumber" : 11
                },
                "name" : "above sadrzaj",
                "meta" : [ {
                  "from" : {
                    "object" : "header",
                    "edge" : "bottom"
                  },
                  "to" : {
                    "object" : "sadrzaj",
                    "edge" : "top"
                  },
                  "expectedDistance" : ">= 0px",
                  "realDistance" : "0px"
                } ],
                "highlight" : [ "header", "sadrzaj" ]
              }, {
                "status" : "info",
                "place" : {
                  "filePath" : "mobilePocetna.gspec",
                  "lineNumber" : 12
                },
                "name" : "width 100 % of body/width",
                "meta" : [ {
                  "from" : {
                    "object" : "header",
                    "edge" : "left"
                  },
                  "to" : {
                    "object" : "header",
                    "edge" : "right"
                  },
                  "expectedDistance" : "100% [553px]",
                  "realDistance" : "100% [553px]"
                } ],
                "highlight" : [ "header" ]
              }, {
                "status" : "info",
                "place" : {
                  "filePath" : "mobilePocetna.gspec",
                  "lineNumber" : 13
                },
                "name" : "height = 180px",
                "meta" : [ {
                  "from" : {
                    "object" : "header",
                    "edge" : "top"
                  },
                  "to" : {
                    "object" : "header",
                    "edge" : "bottom"
                  },
                  "expectedDistance" : "180px",
                  "realDistance" : "180px"
                } ],
                "highlight" : [ "header" ]
              } ]
            }, {
              "name" : "sadrzaj",
              "specs" : [ {
                "status" : "info",
                "place" : {
                  "filePath" : "mobilePocetna.gspec",
                  "lineNumber" : 16
                },
                "name" : "inside body",
                "meta" : [ ],
                "highlight" : [ "sadrzaj", "body" ]
              }, {
                "status" : "info",
                "place" : {
                  "filePath" : "mobilePocetna.gspec",
                  "lineNumber" : 17
                },
                "name" : "below header",
                "meta" : [ {
                  "from" : {
                    "object" : "sadrzaj",
                    "edge" : "top"
                  },
                  "to" : {
                    "object" : "header",
                    "edge" : "bottom"
                  },
                  "expectedDistance" : ">= 0px",
                  "realDistance" : "0px"
                } ],
                "highlight" : [ "sadrzaj", "header" ]
              }, {
                "status" : "info",
                "place" : {
                  "filePath" : "mobilePocetna.gspec",
                  "lineNumber" : 18
                },
                "name" : "width 100 % of body/width",
                "meta" : [ {
                  "from" : {
                    "object" : "sadrzaj",
                    "edge" : "left"
                  },
                  "to" : {
                    "object" : "sadrzaj",
                    "edge" : "right"
                  },
                  "expectedDistance" : "100% [553px]",
                  "realDistance" : "100% [553px]"
                } ],
                "highlight" : [ "sadrzaj" ]
              }, {
                "status" : "info",
                "place" : {
                  "filePath" : "mobilePocetna.gspec",
                  "lineNumber" : 19
                },
                "name" : "height >75% of body/width",
                "meta" : [ {
                  "from" : {
                    "object" : "sadrzaj",
                    "edge" : "top"
                  },
                  "to" : {
                    "object" : "sadrzaj",
                    "edge" : "bottom"
                  },
                  "expectedDistance" : "> 75% [414px]",
                  "realDistance" : "402% [2225px]"
                } ],
                "highlight" : [ "sadrzaj" ]
              } ]
            } ]
          }, {
            "name" : "Header section",
            "place" : {
              "filePath" : "mobilePocetna.gspec",
              "lineNumber" : 21
            },
            "objects" : [ {
              "name" : "meni",
              "specs" : [ {
                "status" : "info",
                "place" : {
                  "filePath" : "mobilePocetna.gspec",
                  "lineNumber" : 23
                },
                "name" : "inside header 20px left, 20px top",
                "meta" : [ {
                  "from" : {
                    "object" : "meni",
                    "edge" : "left"
                  },
                  "to" : {
                    "object" : "header",
                    "edge" : "left"
                  },
                  "expectedDistance" : "20px",
                  "realDistance" : "20px"
                }, {
                  "from" : {
                    "object" : "meni",
                    "edge" : "top"
                  },
                  "to" : {
                    "object" : "header",
                    "edge" : "top"
                  },
                  "expectedDistance" : "20px",
                  "realDistance" : "20px"
                } ],
                "highlight" : [ "meni", "header" ]
              }, {
                "status" : "info",
                "place" : {
                  "filePath" : "mobilePocetna.gspec",
                  "lineNumber" : 24
                },
                "name" : "width = 100px",
                "meta" : [ {
                  "from" : {
                    "object" : "meni",
                    "edge" : "left"
                  },
                  "to" : {
                    "object" : "meni",
                    "edge" : "right"
                  },
                  "expectedDistance" : "100px",
                  "realDistance" : "100px"
                } ],
                "highlight" : [ "meni" ]
              } ]
            }, {
              "name" : "logo",
              "specs" : [ {
                "status" : "info",
                "place" : {
                  "filePath" : "mobilePocetna.gspec",
                  "lineNumber" : 29
                },
                "name" : "inside partly header -51px top",
                "meta" : [ {
                  "from" : {
                    "object" : "logo",
                    "edge" : "top"
                  },
                  "to" : {
                    "object" : "header",
                    "edge" : "top"
                  },
                  "expectedDistance" : "-51px",
                  "realDistance" : "-51px"
                } ],
                "highlight" : [ "logo", "header" ]
              }, {
                "status" : "info",
                "place" : {
                  "filePath" : "mobilePocetna.gspec",
                  "lineNumber" : 31
                },
                "name" : "height > 50px",
                "meta" : [ {
                  "from" : {
                    "object" : "logo",
                    "edge" : "top"
                  },
                  "to" : {
                    "object" : "logo",
                    "edge" : "bottom"
                  },
                  "expectedDistance" : "> 50px",
                  "realDistance" : "103px"
                } ],
                "highlight" : [ "logo" ]
              } ]
            } ]
          } ],
          "objects" : {
            "meni" : {
              "area" : [ 28, 71, 100, 135 ]
            },
            "header" : {
              "area" : [ 8, 51, 553, 180 ]
            },
            "logo" : {
              "area" : [ 8, 0, 553, 103 ]
            },
            "body" : {
              "area" : [ 8, 8, 553, 2448 ]
            },
            "sadrzaj" : {
              "area" : [ 8, 231, 553, 2225 ]
            }
          },
          "screenshot" : "layout-1-screenshot.png",
          "type" : "layout"
        } ],
        "time" : 1573602967680,
        "type" : "node"
      } ],
      "time" : 1573602954952,
      "type" : "node"
    } ]
  }
}