{
  "testId" : "1-mobilerezervacija.gspec",
  "name" : "mobileRezervacija.gspec",
  "report" : {
    "nodes" : [ {
      "name" : "Simple check",
      "status" : "info",
      "nodes" : [ {
        "name" : "check  mobileRezervacija.gspec --url http://localhost/rezervacija.html --size 600x768 --htmlreport izvjestaj_mobileRezervacija",
        "status" : "info",
        "nodes" : [ {
          "name" : "Check layout: mobileRezervacija.gspec included tags: ",
          "status" : "info",
          "time" : 1573608458775,
          "sections" : [ {
            "name" : "Body section",
            "place" : {
              "filePath" : "mobileRezervacija.gspec",
              "lineNumber" : 11
            },
            "objects" : [ {
              "name" : "header",
              "specs" : [ {
                "status" : "info",
                "place" : {
                  "filePath" : "mobileRezervacija.gspec",
                  "lineNumber" : 13
                },
                "name" : "inside body",
                "meta" : [ ],
                "highlight" : [ "header", "body" ]
              }, {
                "status" : "info",
                "place" : {
                  "filePath" : "mobileRezervacija.gspec",
                  "lineNumber" : 14
                },
                "name" : "above sadrzaj",
                "meta" : [ {
                  "from" : {
                    "object" : "header",
                    "edge" : "bottom"
                  },
                  "to" : {
                    "object" : "sadrzaj",
                    "edge" : "top"
                  },
                  "expectedDistance" : ">= 0px",
                  "realDistance" : "0px"
                } ],
                "highlight" : [ "header", "sadrzaj" ]
              }, {
                "status" : "info",
                "place" : {
                  "filePath" : "mobileRezervacija.gspec",
                  "lineNumber" : 15
                },
                "name" : "width 100 % of body/width",
                "meta" : [ {
                  "from" : {
                    "object" : "header",
                    "edge" : "left"
                  },
                  "to" : {
                    "object" : "header",
                    "edge" : "right"
                  },
                  "expectedDistance" : "100% [553px]",
                  "realDistance" : "100% [553px]"
                } ],
                "highlight" : [ "header" ]
              }, {
                "status" : "info",
                "place" : {
                  "filePath" : "mobileRezervacija.gspec",
                  "lineNumber" : 16
                },
                "name" : "height = 180px",
                "meta" : [ {
                  "from" : {
                    "object" : "header",
                    "edge" : "top"
                  },
                  "to" : {
                    "object" : "header",
                    "edge" : "bottom"
                  },
                  "expectedDistance" : "180px",
                  "realDistance" : "180px"
                } ],
                "highlight" : [ "header" ]
              } ]
            }, {
              "name" : "sadrzaj",
              "specs" : [ {
                "status" : "info",
                "place" : {
                  "filePath" : "mobileRezervacija.gspec",
                  "lineNumber" : 19
                },
                "name" : "inside body",
                "meta" : [ ],
                "highlight" : [ "sadrzaj", "body" ]
              }, {
                "status" : "info",
                "place" : {
                  "filePath" : "mobileRezervacija.gspec",
                  "lineNumber" : 20
                },
                "name" : "below header",
                "meta" : [ {
                  "from" : {
                    "object" : "sadrzaj",
                    "edge" : "top"
                  },
                  "to" : {
                    "object" : "header",
                    "edge" : "bottom"
                  },
                  "expectedDistance" : ">= 0px",
                  "realDistance" : "0px"
                } ],
                "highlight" : [ "sadrzaj", "header" ]
              }, {
                "status" : "info",
                "place" : {
                  "filePath" : "mobileRezervacija.gspec",
                  "lineNumber" : 21
                },
                "name" : "width 100 % of body/width",
                "meta" : [ {
                  "from" : {
                    "object" : "sadrzaj",
                    "edge" : "left"
                  },
                  "to" : {
                    "object" : "sadrzaj",
                    "edge" : "right"
                  },
                  "expectedDistance" : "100% [553px]",
                  "realDistance" : "100% [553px]"
                } ],
                "highlight" : [ "sadrzaj" ]
              }, {
                "status" : "info",
                "place" : {
                  "filePath" : "mobileRezervacija.gspec",
                  "lineNumber" : 22
                },
                "name" : "height =636px",
                "meta" : [ {
                  "from" : {
                    "object" : "sadrzaj",
                    "edge" : "top"
                  },
                  "to" : {
                    "object" : "sadrzaj",
                    "edge" : "bottom"
                  },
                  "expectedDistance" : "636px",
                  "realDistance" : "636px"
                } ],
                "highlight" : [ "sadrzaj" ]
              } ]
            }, {
              "name" : "kalendar",
              "specs" : [ {
                "status" : "info",
                "place" : {
                  "filePath" : "mobileRezervacija.gspec",
                  "lineNumber" : 24
                },
                "name" : "inside sadrzaj 151px top, 192px left, 192px right",
                "meta" : [ {
                  "from" : {
                    "object" : "kalendar",
                    "edge" : "top"
                  },
                  "to" : {
                    "object" : "sadrzaj",
                    "edge" : "top"
                  },
                  "expectedDistance" : "151px",
                  "realDistance" : "151px"
                }, {
                  "from" : {
                    "object" : "kalendar",
                    "edge" : "left"
                  },
                  "to" : {
                    "object" : "sadrzaj",
                    "edge" : "left"
                  },
                  "expectedDistance" : "192px",
                  "realDistance" : "192px"
                }, {
                  "from" : {
                    "object" : "kalendar",
                    "edge" : "right"
                  },
                  "to" : {
                    "object" : "sadrzaj",
                    "edge" : "right"
                  },
                  "expectedDistance" : "192px",
                  "realDistance" : "192px"
                } ],
                "highlight" : [ "kalendar", "sadrzaj" ]
              }, {
                "status" : "info",
                "place" : {
                  "filePath" : "mobileRezervacija.gspec",
                  "lineNumber" : 25
                },
                "name" : "width = 30% of sadrzaj/width",
                "meta" : [ {
                  "from" : {
                    "object" : "kalendar",
                    "edge" : "left"
                  },
                  "to" : {
                    "object" : "kalendar",
                    "edge" : "right"
                  },
                  "expectedDistance" : "30% [165px]",
                  "realDistance" : "30% [169px]"
                } ],
                "highlight" : [ "kalendar" ]
              }, {
                "status" : "info",
                "place" : {
                  "filePath" : "mobileRezervacija.gspec",
                  "lineNumber" : 26
                },
                "name" : "height = 404px",
                "meta" : [ {
                  "from" : {
                    "object" : "kalendar",
                    "edge" : "top"
                  },
                  "to" : {
                    "object" : "kalendar",
                    "edge" : "bottom"
                  },
                  "expectedDistance" : "404px",
                  "realDistance" : "404px"
                } ],
                "highlight" : [ "kalendar" ]
              } ]
            }, {
              "name" : "prethodni",
              "specs" : [ {
                "status" : "info",
                "place" : {
                  "filePath" : "mobileRezervacija.gspec",
                  "lineNumber" : 28
                },
                "name" : "left-of sljedeci 43px",
                "meta" : [ {
                  "from" : {
                    "object" : "prethodni",
                    "edge" : "right"
                  },
                  "to" : {
                    "object" : "sljedeci",
                    "edge" : "left"
                  },
                  "expectedDistance" : "43px",
                  "realDistance" : "43px"
                } ],
                "highlight" : [ "prethodni", "sljedeci" ]
              }, {
                "status" : "info",
                "place" : {
                  "filePath" : "mobileRezervacija.gspec",
                  "lineNumber" : 29
                },
                "name" : "width 91px",
                "meta" : [ {
                  "from" : {
                    "object" : "prethodni",
                    "edge" : "left"
                  },
                  "to" : {
                    "object" : "prethodni",
                    "edge" : "right"
                  },
                  "expectedDistance" : "91px",
                  "realDistance" : "91px"
                } ],
                "highlight" : [ "prethodni" ]
              }, {
                "status" : "info",
                "place" : {
                  "filePath" : "mobileRezervacija.gspec",
                  "lineNumber" : 30
                },
                "name" : "below kalendar 38px",
                "meta" : [ {
                  "from" : {
                    "object" : "prethodni",
                    "edge" : "top"
                  },
                  "to" : {
                    "object" : "kalendar",
                    "edge" : "bottom"
                  },
                  "expectedDistance" : "38px",
                  "realDistance" : "38px"
                } ],
                "highlight" : [ "prethodni", "kalendar" ]
              } ]
            }, {
              "name" : "sljedeci",
              "specs" : [ {
                "status" : "info",
                "place" : {
                  "filePath" : "mobileRezervacija.gspec",
                  "lineNumber" : 32
                },
                "name" : "right-of prethodni 43px",
                "meta" : [ {
                  "from" : {
                    "object" : "sljedeci",
                    "edge" : "left"
                  },
                  "to" : {
                    "object" : "prethodni",
                    "edge" : "right"
                  },
                  "expectedDistance" : "43px",
                  "realDistance" : "43px"
                } ],
                "highlight" : [ "sljedeci", "prethodni" ]
              }, {
                "status" : "info",
                "place" : {
                  "filePath" : "mobileRezervacija.gspec",
                  "lineNumber" : 33
                },
                "name" : "width 91 px",
                "meta" : [ {
                  "from" : {
                    "object" : "sljedeci",
                    "edge" : "left"
                  },
                  "to" : {
                    "object" : "sljedeci",
                    "edge" : "right"
                  },
                  "expectedDistance" : "91px",
                  "realDistance" : "91px"
                } ],
                "highlight" : [ "sljedeci" ]
              }, {
                "status" : "info",
                "place" : {
                  "filePath" : "mobileRezervacija.gspec",
                  "lineNumber" : 34
                },
                "name" : "below kalendar 38px",
                "meta" : [ {
                  "from" : {
                    "object" : "sljedeci",
                    "edge" : "top"
                  },
                  "to" : {
                    "object" : "kalendar",
                    "edge" : "bottom"
                  },
                  "expectedDistance" : "38px",
                  "realDistance" : "38px"
                } ],
                "highlight" : [ "sljedeci", "kalendar" ]
              } ]
            } ]
          }, {
            "name" : "Header section",
            "place" : {
              "filePath" : "mobileRezervacija.gspec",
              "lineNumber" : 37
            },
            "objects" : [ {
              "name" : "meni",
              "specs" : [ {
                "status" : "info",
                "place" : {
                  "filePath" : "mobileRezervacija.gspec",
                  "lineNumber" : 39
                },
                "name" : "inside header 20px left, 20px top",
                "meta" : [ {
                  "from" : {
                    "object" : "meni",
                    "edge" : "left"
                  },
                  "to" : {
                    "object" : "header",
                    "edge" : "left"
                  },
                  "expectedDistance" : "20px",
                  "realDistance" : "20px"
                }, {
                  "from" : {
                    "object" : "meni",
                    "edge" : "top"
                  },
                  "to" : {
                    "object" : "header",
                    "edge" : "top"
                  },
                  "expectedDistance" : "20px",
                  "realDistance" : "20px"
                } ],
                "highlight" : [ "meni", "header" ]
              }, {
                "status" : "info",
                "place" : {
                  "filePath" : "mobileRezervacija.gspec",
                  "lineNumber" : 40
                },
                "name" : "below logo -32px",
                "meta" : [ {
                  "from" : {
                    "object" : "meni",
                    "edge" : "top"
                  },
                  "to" : {
                    "object" : "logo",
                    "edge" : "bottom"
                  },
                  "expectedDistance" : "-32px",
                  "realDistance" : "-32px"
                } ],
                "highlight" : [ "meni", "logo" ]
              }, {
                "status" : "info",
                "place" : {
                  "filePath" : "mobileRezervacija.gspec",
                  "lineNumber" : 41
                },
                "name" : "width < 50% of header/width",
                "meta" : [ {
                  "from" : {
                    "object" : "meni",
                    "edge" : "left"
                  },
                  "to" : {
                    "object" : "meni",
                    "edge" : "right"
                  },
                  "expectedDistance" : "< 50% [276px]",
                  "realDistance" : "18% [100px]"
                } ],
                "highlight" : [ "meni" ]
              } ]
            }, {
              "name" : "logo",
              "specs" : [ {
                "status" : "info",
                "place" : {
                  "filePath" : "mobileRezervacija.gspec",
                  "lineNumber" : 45
                },
                "name" : "inside partly header -51px top",
                "meta" : [ {
                  "from" : {
                    "object" : "logo",
                    "edge" : "top"
                  },
                  "to" : {
                    "object" : "header",
                    "edge" : "top"
                  },
                  "expectedDistance" : "-51px",
                  "realDistance" : "-51px"
                } ],
                "highlight" : [ "logo", "header" ]
              }, {
                "status" : "info",
                "place" : {
                  "filePath" : "mobileRezervacija.gspec",
                  "lineNumber" : 46
                },
                "name" : "above meni -32px",
                "meta" : [ {
                  "from" : {
                    "object" : "logo",
                    "edge" : "bottom"
                  },
                  "to" : {
                    "object" : "meni",
                    "edge" : "top"
                  },
                  "expectedDistance" : "-32px",
                  "realDistance" : "-32px"
                } ],
                "highlight" : [ "logo", "meni" ]
              }, {
                "status" : "info",
                "place" : {
                  "filePath" : "mobileRezervacija.gspec",
                  "lineNumber" : 47
                },
                "name" : "height > 50px",
                "meta" : [ {
                  "from" : {
                    "object" : "logo",
                    "edge" : "top"
                  },
                  "to" : {
                    "object" : "logo",
                    "edge" : "bottom"
                  },
                  "expectedDistance" : "> 50px",
                  "realDistance" : "103px"
                } ],
                "highlight" : [ "logo" ]
              }, {
                "status" : "info",
                "place" : {
                  "filePath" : "mobileRezervacija.gspec",
                  "lineNumber" : 48
                },
                "name" : "width = 100px",
                "meta" : [ {
                  "from" : {
                    "object" : "logo",
                    "edge" : "left"
                  },
                  "to" : {
                    "object" : "logo",
                    "edge" : "right"
                  },
                  "expectedDistance" : "100px",
                  "realDistance" : "100px"
                } ],
                "highlight" : [ "logo" ]
              } ]
            } ]
          } ],
          "objects" : {
            "meni" : {
              "area" : [ 28, 71, 100, 135 ]
            },
            "sljedeci" : {
              "area" : [ 318, 824, 91, 26 ]
            },
            "header" : {
              "area" : [ 8, 51, 553, 180 ]
            },
            "logo" : {
              "area" : [ 234, 0, 100, 103 ]
            },
            "body" : {
              "area" : [ 8, 8, 553, 859 ]
            },
            "prethodni" : {
              "area" : [ 184, 824, 91, 26 ]
            },
            "sadrzaj" : {
              "area" : [ 8, 231, 553, 636 ]
            },
            "kalendar" : {
              "area" : [ 200, 382, 169, 404 ]
            }
          },
          "screenshot" : "layout-1-screenshot.png",
          "type" : "layout"
        } ],
        "time" : 1573608454257,
        "type" : "node"
      } ],
      "time" : 1573608439132,
      "type" : "node"
    } ]
  }
}