{
  "testId" : "1-unos.gspec",
  "name" : "unos.gspec",
  "report" : {
    "nodes" : [ {
      "name" : "Simple check",
      "status" : "info",
      "nodes" : [ {
        "name" : "check  unos.gspec --url http://localhost/unos.html --size 1366x768 --htmlreport izvjestaj_unos",
        "status" : "info",
        "nodes" : [ {
          "name" : "Check layout: unos.gspec included tags: ",
          "status" : "info",
          "time" : 1573609271600,
          "sections" : [ {
            "name" : "Body section",
            "place" : {
              "filePath" : "unos.gspec",
              "lineNumber" : 10
            },
            "objects" : [ {
              "name" : "header",
              "specs" : [ {
                "status" : "info",
                "place" : {
                  "filePath" : "unos.gspec",
                  "lineNumber" : 12
                },
                "name" : "inside body",
                "meta" : [ ],
                "highlight" : [ "header", "body" ]
              }, {
                "status" : "info",
                "place" : {
                  "filePath" : "unos.gspec",
                  "lineNumber" : 13
                },
                "name" : "above sadrzaj",
                "meta" : [ {
                  "from" : {
                    "object" : "header",
                    "edge" : "bottom"
                  },
                  "to" : {
                    "object" : "sadrzaj",
                    "edge" : "top"
                  },
                  "expectedDistance" : ">= 0px",
                  "realDistance" : "0px"
                } ],
                "highlight" : [ "header", "sadrzaj" ]
              }, {
                "status" : "info",
                "place" : {
                  "filePath" : "unos.gspec",
                  "lineNumber" : 14
                },
                "name" : "width 100 % of body/width",
                "meta" : [ {
                  "from" : {
                    "object" : "header",
                    "edge" : "left"
                  },
                  "to" : {
                    "object" : "header",
                    "edge" : "right"
                  },
                  "expectedDistance" : "100% [1336px]",
                  "realDistance" : "100% [1336px]"
                } ],
                "highlight" : [ "header" ]
              }, {
                "status" : "info",
                "place" : {
                  "filePath" : "unos.gspec",
                  "lineNumber" : 15
                },
                "name" : "height = 90px",
                "meta" : [ {
                  "from" : {
                    "object" : "header",
                    "edge" : "top"
                  },
                  "to" : {
                    "object" : "header",
                    "edge" : "bottom"
                  },
                  "expectedDistance" : "90px",
                  "realDistance" : "90px"
                } ],
                "highlight" : [ "header" ]
              } ]
            }, {
              "name" : "sadrzaj",
              "specs" : [ {
                "status" : "info",
                "place" : {
                  "filePath" : "unos.gspec",
                  "lineNumber" : 18
                },
                "name" : "inside body",
                "meta" : [ ],
                "highlight" : [ "sadrzaj", "body" ]
              }, {
                "status" : "info",
                "place" : {
                  "filePath" : "unos.gspec",
                  "lineNumber" : 19
                },
                "name" : "below header",
                "meta" : [ {
                  "from" : {
                    "object" : "sadrzaj",
                    "edge" : "top"
                  },
                  "to" : {
                    "object" : "header",
                    "edge" : "bottom"
                  },
                  "expectedDistance" : ">= 0px",
                  "realDistance" : "0px"
                } ],
                "highlight" : [ "sadrzaj", "header" ]
              }, {
                "status" : "info",
                "place" : {
                  "filePath" : "unos.gspec",
                  "lineNumber" : 20
                },
                "name" : "width 100 % of body/width",
                "meta" : [ {
                  "from" : {
                    "object" : "sadrzaj",
                    "edge" : "left"
                  },
                  "to" : {
                    "object" : "sadrzaj",
                    "edge" : "right"
                  },
                  "expectedDistance" : "100% [1336px]",
                  "realDistance" : "100% [1336px]"
                } ],
                "highlight" : [ "sadrzaj" ]
              }, {
                "status" : "info",
                "place" : {
                  "filePath" : "unos.gspec",
                  "lineNumber" : 21
                },
                "name" : "height = 414px",
                "meta" : [ {
                  "from" : {
                    "object" : "sadrzaj",
                    "edge" : "top"
                  },
                  "to" : {
                    "object" : "sadrzaj",
                    "edge" : "bottom"
                  },
                  "expectedDistance" : "414px",
                  "realDistance" : "414px"
                } ],
                "highlight" : [ "sadrzaj" ]
              } ]
            }, {
              "name" : "forma",
              "specs" : [ {
                "status" : "info",
                "place" : {
                  "filePath" : "unos.gspec",
                  "lineNumber" : 23
                },
                "name" : "inside sadrzaj 50px top, 486px left, 486px right",
                "meta" : [ {
                  "from" : {
                    "object" : "forma",
                    "edge" : "top"
                  },
                  "to" : {
                    "object" : "sadrzaj",
                    "edge" : "top"
                  },
                  "expectedDistance" : "50px",
                  "realDistance" : "50px"
                }, {
                  "from" : {
                    "object" : "forma",
                    "edge" : "left"
                  },
                  "to" : {
                    "object" : "sadrzaj",
                    "edge" : "left"
                  },
                  "expectedDistance" : "486px",
                  "realDistance" : "486px"
                }, {
                  "from" : {
                    "object" : "forma",
                    "edge" : "right"
                  },
                  "to" : {
                    "object" : "sadrzaj",
                    "edge" : "right"
                  },
                  "expectedDistance" : "486px",
                  "realDistance" : "486px"
                } ],
                "highlight" : [ "forma", "sadrzaj" ]
              }, {
                "status" : "info",
                "place" : {
                  "filePath" : "unos.gspec",
                  "lineNumber" : 24
                },
                "name" : "width = 364px",
                "meta" : [ {
                  "from" : {
                    "object" : "forma",
                    "edge" : "left"
                  },
                  "to" : {
                    "object" : "forma",
                    "edge" : "right"
                  },
                  "expectedDistance" : "364px",
                  "realDistance" : "364px"
                } ],
                "highlight" : [ "forma" ]
              }, {
                "status" : "info",
                "place" : {
                  "filePath" : "unos.gspec",
                  "lineNumber" : 25
                },
                "name" : "height = 314px",
                "meta" : [ {
                  "from" : {
                    "object" : "forma",
                    "edge" : "top"
                  },
                  "to" : {
                    "object" : "forma",
                    "edge" : "bottom"
                  },
                  "expectedDistance" : "314px",
                  "realDistance" : "314px"
                } ],
                "highlight" : [ "forma" ]
              } ]
            } ]
          }, {
            "name" : "Header section",
            "place" : {
              "filePath" : "unos.gspec",
              "lineNumber" : 29
            },
            "objects" : [ {
              "name" : "meni",
              "specs" : [ {
                "status" : "info",
                "place" : {
                  "filePath" : "unos.gspec",
                  "lineNumber" : 31
                },
                "name" : "inside header 0px left, 55px top",
                "meta" : [ {
                  "from" : {
                    "object" : "meni",
                    "edge" : "left"
                  },
                  "to" : {
                    "object" : "header",
                    "edge" : "left"
                  },
                  "expectedDistance" : "0px",
                  "realDistance" : "0px"
                }, {
                  "from" : {
                    "object" : "meni",
                    "edge" : "top"
                  },
                  "to" : {
                    "object" : "header",
                    "edge" : "top"
                  },
                  "expectedDistance" : "55px",
                  "realDistance" : "55px"
                } ],
                "highlight" : [ "meni", "header" ]
              }, {
                "status" : "info",
                "place" : {
                  "filePath" : "unos.gspec",
                  "lineNumber" : 32
                },
                "name" : "below logo",
                "meta" : [ {
                  "from" : {
                    "object" : "meni",
                    "edge" : "top"
                  },
                  "to" : {
                    "object" : "logo",
                    "edge" : "bottom"
                  },
                  "expectedDistance" : ">= 0px",
                  "realDistance" : "3px"
                } ],
                "highlight" : [ "meni", "logo" ]
              }, {
                "status" : "info",
                "place" : {
                  "filePath" : "unos.gspec",
                  "lineNumber" : 33
                },
                "name" : "width < 50% of header/width",
                "meta" : [ {
                  "from" : {
                    "object" : "meni",
                    "edge" : "left"
                  },
                  "to" : {
                    "object" : "meni",
                    "edge" : "right"
                  },
                  "expectedDistance" : "< 50% [668px]",
                  "realDistance" : "36% [487px]"
                } ],
                "highlight" : [ "meni" ]
              } ]
            }, {
              "name" : "logo",
              "specs" : [ {
                "status" : "info",
                "place" : {
                  "filePath" : "unos.gspec",
                  "lineNumber" : 37
                },
                "name" : "inside partly header -51px top",
                "meta" : [ {
                  "from" : {
                    "object" : "logo",
                    "edge" : "top"
                  },
                  "to" : {
                    "object" : "header",
                    "edge" : "top"
                  },
                  "expectedDistance" : "-51px",
                  "realDistance" : "-51px"
                } ],
                "highlight" : [ "logo", "header" ]
              }, {
                "status" : "info",
                "place" : {
                  "filePath" : "unos.gspec",
                  "lineNumber" : 38
                },
                "name" : "above meni",
                "meta" : [ {
                  "from" : {
                    "object" : "logo",
                    "edge" : "bottom"
                  },
                  "to" : {
                    "object" : "meni",
                    "edge" : "top"
                  },
                  "expectedDistance" : ">= 0px",
                  "realDistance" : "3px"
                } ],
                "highlight" : [ "logo", "meni" ]
              }, {
                "status" : "info",
                "place" : {
                  "filePath" : "unos.gspec",
                  "lineNumber" : 39
                },
                "name" : "height > 50px",
                "meta" : [ {
                  "from" : {
                    "object" : "logo",
                    "edge" : "top"
                  },
                  "to" : {
                    "object" : "logo",
                    "edge" : "bottom"
                  },
                  "expectedDistance" : "> 50px",
                  "realDistance" : "103px"
                } ],
                "highlight" : [ "logo" ]
              }, {
                "status" : "info",
                "place" : {
                  "filePath" : "unos.gspec",
                  "lineNumber" : 40
                },
                "name" : "width = 100px",
                "meta" : [ {
                  "from" : {
                    "object" : "logo",
                    "edge" : "left"
                  },
                  "to" : {
                    "object" : "logo",
                    "edge" : "right"
                  },
                  "expectedDistance" : "100px",
                  "realDistance" : "100px"
                } ],
                "highlight" : [ "logo" ]
              } ]
            } ]
          } ],
          "objects" : {
            "meni" : {
              "area" : [ 8, 106, 487, 22 ]
            },
            "header" : {
              "area" : [ 8, 51, 1336, 90 ]
            },
            "logo" : {
              "area" : [ 626, 0, 100, 103 ]
            },
            "body" : {
              "area" : [ 8, 8, 1336, 547 ]
            },
            "forma" : {
              "area" : [ 494, 191, 364, 314 ]
            },
            "sadrzaj" : {
              "area" : [ 8, 141, 1336, 414 ]
            }
          },
          "screenshot" : "layout-1-screenshot.png",
          "type" : "layout"
        } ],
        "time" : 1573609266215,
        "type" : "node"
      } ],
      "time" : 1573609255627,
      "type" : "node"
    } ]
  }
}