{
  "testId" : "1-sale.gspec",
  "name" : "sale.gspec",
  "report" : {
    "nodes" : [ {
      "name" : "Simple check",
      "status" : "info",
      "nodes" : [ {
        "name" : "check  sale.gspec --url http://localhost/html/sale.html --size 1024x768 --htmlreport izvjestajiSale",
        "status" : "info",
        "nodes" : [ {
          "name" : "Check layout: sale.gspec included tags: ",
          "status" : "info",
          "time" : 1573658298263,
          "sections" : [ {
            "name" : "Meni section",
            "place" : {
              "filePath" : "meni.gspec",
              "lineNumber" : 15
            },
            "objects" : [ {
              "name" : "menu",
              "specs" : [ {
                "status" : "info",
                "place" : {
                  "filePath" : "meni.gspec",
                  "lineNumber" : 18
                },
                "name" : "width ~98 % of screen/width",
                "meta" : [ {
                  "from" : {
                    "object" : "menu",
                    "edge" : "left"
                  },
                  "to" : {
                    "object" : "menu",
                    "edge" : "right"
                  },
                  "expectedDistance" : "96 to 100% [954 to 994px]",
                  "realDistance" : "98% [978px]"
                } ],
                "highlight" : [ "menu" ]
              }, {
                "status" : "info",
                "place" : {
                  "filePath" : "meni.gspec",
                  "lineNumber" : 19
                },
                "name" : "contains menu_item-*",
                "highlight" : [ "menu", "menu_item-1", "menu_item-2", "menu_item-3", "menu_item-4", "menu_item-5" ]
              }, {
                "status" : "info",
                "place" : {
                  "filePath" : "meni.gspec",
                  "lineNumber" : 20
                },
                "name" : "contains partly logo",
                "highlight" : [ "menu", "logo" ]
              } ]
            }, {
              "name" : "logo",
              "specs" : [ {
                "status" : "info",
                "place" : {
                  "filePath" : "meni.gspec",
                  "lineNumber" : 23
                },
                "name" : "inside menu",
                "meta" : [ ],
                "highlight" : [ "logo", "menu" ]
              } ]
            }, {
              "name" : "menu_item-1",
              "specs" : [ {
                "status" : "info",
                "place" : {
                  "filePath" : "meni.gspec",
                  "lineNumber" : 27
                },
                "name" : "aligned horizontally all menu_item-2",
                "highlight" : [ "menu_item-1", "menu_item-2" ]
              }, {
                "status" : "info",
                "place" : {
                  "filePath" : "meni.gspec",
                  "lineNumber" : 31
                },
                "name" : "text is \"Po�?etna\"",
                "highlight" : [ "menu_item-1" ]
              } ]
            }, {
              "name" : "menu_item-2",
              "specs" : [ {
                "status" : "info",
                "place" : {
                  "filePath" : "meni.gspec",
                  "lineNumber" : 27
                },
                "name" : "aligned horizontally all menu_item-3",
                "highlight" : [ "menu_item-2", "menu_item-3" ]
              }, {
                "status" : "info",
                "place" : {
                  "filePath" : "meni.gspec",
                  "lineNumber" : 31
                },
                "name" : "text is \"Sale\"",
                "highlight" : [ "menu_item-2" ]
              } ]
            }, {
              "name" : "menu_item-3",
              "specs" : [ {
                "status" : "info",
                "place" : {
                  "filePath" : "meni.gspec",
                  "lineNumber" : 27
                },
                "name" : "aligned horizontally all menu_item-4",
                "highlight" : [ "menu_item-3", "menu_item-4" ]
              }, {
                "status" : "info",
                "place" : {
                  "filePath" : "meni.gspec",
                  "lineNumber" : 31
                },
                "name" : "text is \"Unos\"",
                "highlight" : [ "menu_item-3" ]
              } ]
            }, {
              "name" : "menu_item-4",
              "specs" : [ {
                "status" : "info",
                "place" : {
                  "filePath" : "meni.gspec",
                  "lineNumber" : 27
                },
                "name" : "aligned horizontally all menu_item-5",
                "highlight" : [ "menu_item-4", "menu_item-5" ]
              }, {
                "status" : "info",
                "place" : {
                  "filePath" : "meni.gspec",
                  "lineNumber" : 31
                },
                "name" : "text is \"Rezervacije\"",
                "highlight" : [ "menu_item-4" ]
              } ]
            }, {
              "name" : "menu_item-5",
              "specs" : [ {
                "status" : "info",
                "place" : {
                  "filePath" : "meni.gspec",
                  "lineNumber" : 31
                },
                "name" : "text is \"Osobe\"",
                "highlight" : [ "menu_item-5" ]
              } ]
            }, {
              "name" : "stavka",
              "specs" : [ {
                "status" : "info",
                "place" : {
                  "filePath" : "meni.gspec",
                  "lineNumber" : 34
                },
                "name" : "css display is \"inline\"",
                "highlight" : [ "stavka" ]
              } ]
            }, {
              "name" : "link-1",
              "specs" : [ {
                "status" : "info",
                "place" : {
                  "filePath" : "sale.gspec",
                  "lineNumber" : 23
                },
                "name" : "css text-decoration is \"underline solid rgb(0, 0, 238)\"",
                "highlight" : [ "link-1" ]
              } ]
            }, {
              "name" : "link-3",
              "specs" : [ {
                "status" : "info",
                "place" : {
                  "filePath" : "sale.gspec",
                  "lineNumber" : 23
                },
                "name" : "css text-decoration is \"underline solid rgb(0, 0, 238)\"",
                "highlight" : [ "link-3" ]
              } ]
            }, {
              "name" : "link-4",
              "specs" : [ {
                "status" : "info",
                "place" : {
                  "filePath" : "sale.gspec",
                  "lineNumber" : 23
                },
                "name" : "css text-decoration is \"underline solid rgb(0, 0, 238)\"",
                "highlight" : [ "link-4" ]
              } ]
            }, {
              "name" : "link-5",
              "specs" : [ {
                "status" : "info",
                "place" : {
                  "filePath" : "sale.gspec",
                  "lineNumber" : 23
                },
                "name" : "css text-decoration is \"underline solid rgb(0, 0, 238)\"",
                "highlight" : [ "link-5" ]
              } ]
            }, {
              "name" : "link-2",
              "specs" : [ {
                "status" : "info",
                "place" : {
                  "filePath" : "sale.gspec",
                  "lineNumber" : 26
                },
                "name" : "css text-decoration is \"none solid rgb(0, 0, 238)\"",
                "highlight" : [ "link-2" ]
              } ]
            } ]
          }, {
            "name" : "Main section",
            "place" : {
              "filePath" : "sale.gspec",
              "lineNumber" : 28
            },
            "objects" : [ {
              "name" : "tabela",
              "specs" : [ {
                "status" : "info",
                "place" : {
                  "filePath" : "sale.gspec",
                  "lineNumber" : 31
                },
                "name" : "centered horizontally inside sadrzaj",
                "highlight" : [ "tabela", "sadrzaj" ]
              }, {
                "status" : "info",
                "place" : {
                  "filePath" : "sale.gspec",
                  "lineNumber" : 32
                },
                "name" : "count any celija-* is 60",
                "highlight" : [ "celija-28", "celija-27", "celija-29", "celija-24", "celija-23", "celija-26", "celija-25", "celija-20", "celija-22", "celija-21", "celija-60", "celija-39", "celija-38", "celija-35", "celija-34", "celija-37", "celija-36", "celija-31", "celija-30", "celija-33", "celija-32", "celija-9", "celija-7", "celija-8", "celija-49", "celija-46", "celija-45", "celija-48", "celija-47", "celija-42", "celija-41", "celija-44", "celija-43", "celija-40", "celija-5", "celija-6", "celija-3", "celija-4", "celija-1", "celija-2", "celija-17", "celija-16", "celija-19", "celija-18", "celija-13", "celija-57", "celija-12", "celija-56", "celija-15", "celija-59", "celija-14", "celija-58", "celija-53", "celija-52", "celija-11", "celija-55", "celija-10", "celija-54", "celija-51", "celija-50" ]
              } ]
            }, {
              "name" : "redni",
              "specs" : [ {
                "status" : "info",
                "place" : {
                  "filePath" : "sale.gspec",
                  "lineNumber" : 35
                },
                "name" : "css text-align is \"center\"",
                "highlight" : [ "redni" ]
              }, {
                "status" : "info",
                "place" : {
                  "filePath" : "sale.gspec",
                  "lineNumber" : 36
                },
                "name" : "css vertical-align is  \"bottom\"",
                "highlight" : [ "redni" ]
              } ]
            }, {
              "name" : "spratHeader",
              "specs" : [ {
                "status" : "info",
                "place" : {
                  "filePath" : "sale.gspec",
                  "lineNumber" : 39
                },
                "name" : "css text-align is \"center\"",
                "highlight" : [ "spratHeader" ]
              }, {
                "status" : "info",
                "place" : {
                  "filePath" : "sale.gspec",
                  "lineNumber" : 40
                },
                "name" : "count any naslovCelija-* is 2",
                "highlight" : [ "naslovCelija-2", "naslovCelija-1" ]
              } ]
            }, {
              "name" : "zauzeta",
              "specs" : [ {
                "status" : "info",
                "place" : {
                  "filePath" : "sale.gspec",
                  "lineNumber" : 43
                },
                "name" : "css background-color is \"rgba(212, 77, 41, 1)\"",
                "highlight" : [ "zauzeta" ]
              } ]
            }, {
              "name" : "slobodna",
              "specs" : [ {
                "status" : "info",
                "place" : {
                  "filePath" : "sale.gspec",
                  "lineNumber" : 46
                },
                "name" : "css background-color is \"rgba(34, 212, 30, 1)\"",
                "highlight" : [ "slobodna" ]
              } ]
            }, {
              "name" : "kancelarija",
              "specs" : [ {
                "status" : "info",
                "place" : {
                  "filePath" : "sale.gspec",
                  "lineNumber" : 49
                },
                "name" : "css background-color is \"rgba(150, 157, 175, 0.8)\"",
                "highlight" : [ "kancelarija" ]
              } ]
            }, {
              "name" : "celija-1",
              "specs" : [ {
                "status" : "info",
                "place" : {
                  "filePath" : "sale.gspec",
                  "lineNumber" : 52
                },
                "name" : "width >= 40px",
                "meta" : [ {
                  "from" : {
                    "object" : "celija-1",
                    "edge" : "left"
                  },
                  "to" : {
                    "object" : "celija-1",
                    "edge" : "right"
                  },
                  "expectedDistance" : ">= 40px",
                  "realDistance" : "88px"
                } ],
                "highlight" : [ "celija-1" ]
              }, {
                "status" : "info",
                "place" : {
                  "filePath" : "sale.gspec",
                  "lineNumber" : 53
                },
                "name" : "inside tabela",
                "meta" : [ ],
                "highlight" : [ "celija-1", "tabela" ]
              } ]
            }, {
              "name" : "celija-2",
              "specs" : [ {
                "status" : "info",
                "place" : {
                  "filePath" : "sale.gspec",
                  "lineNumber" : 52
                },
                "name" : "width >= 40px",
                "meta" : [ {
                  "from" : {
                    "object" : "celija-2",
                    "edge" : "left"
                  },
                  "to" : {
                    "object" : "celija-2",
                    "edge" : "right"
                  },
                  "expectedDistance" : ">= 40px",
                  "realDistance" : "48px"
                } ],
                "highlight" : [ "celija-2" ]
              }, {
                "status" : "info",
                "place" : {
                  "filePath" : "sale.gspec",
                  "lineNumber" : 53
                },
                "name" : "inside tabela",
                "meta" : [ ],
                "highlight" : [ "celija-2", "tabela" ]
              } ]
            }, {
              "name" : "celija-3",
              "specs" : [ {
                "status" : "info",
                "place" : {
                  "filePath" : "sale.gspec",
                  "lineNumber" : 52
                },
                "name" : "width >= 40px",
                "meta" : [ {
                  "from" : {
                    "object" : "celija-3",
                    "edge" : "left"
                  },
                  "to" : {
                    "object" : "celija-3",
                    "edge" : "right"
                  },
                  "expectedDistance" : ">= 40px",
                  "realDistance" : "48px"
                } ],
                "highlight" : [ "celija-3" ]
              }, {
                "status" : "info",
                "place" : {
                  "filePath" : "sale.gspec",
                  "lineNumber" : 53
                },
                "name" : "inside tabela",
                "meta" : [ ],
                "highlight" : [ "celija-3", "tabela" ]
              } ]
            }, {
              "name" : "celija-4",
              "specs" : [ {
                "status" : "info",
                "place" : {
                  "filePath" : "sale.gspec",
                  "lineNumber" : 52
                },
                "name" : "width >= 40px",
                "meta" : [ {
                  "from" : {
                    "object" : "celija-4",
                    "edge" : "left"
                  },
                  "to" : {
                    "object" : "celija-4",
                    "edge" : "right"
                  },
                  "expectedDistance" : ">= 40px",
                  "realDistance" : "48px"
                } ],
                "highlight" : [ "celija-4" ]
              }, {
                "status" : "info",
                "place" : {
                  "filePath" : "sale.gspec",
                  "lineNumber" : 53
                },
                "name" : "inside tabela",
                "meta" : [ ],
                "highlight" : [ "celija-4", "tabela" ]
              } ]
            }, {
              "name" : "celija-5",
              "specs" : [ {
                "status" : "info",
                "place" : {
                  "filePath" : "sale.gspec",
                  "lineNumber" : 52
                },
                "name" : "width >= 40px",
                "meta" : [ {
                  "from" : {
                    "object" : "celija-5",
                    "edge" : "left"
                  },
                  "to" : {
                    "object" : "celija-5",
                    "edge" : "right"
                  },
                  "expectedDistance" : ">= 40px",
                  "realDistance" : "48px"
                } ],
                "highlight" : [ "celija-5" ]
              }, {
                "status" : "info",
                "place" : {
                  "filePath" : "sale.gspec",
                  "lineNumber" : 53
                },
                "name" : "inside tabela",
                "meta" : [ ],
                "highlight" : [ "celija-5", "tabela" ]
              } ]
            }, {
              "name" : "celija-6",
              "specs" : [ {
                "status" : "info",
                "place" : {
                  "filePath" : "sale.gspec",
                  "lineNumber" : 52
                },
                "name" : "width >= 40px",
                "meta" : [ {
                  "from" : {
                    "object" : "celija-6",
                    "edge" : "left"
                  },
                  "to" : {
                    "object" : "celija-6",
                    "edge" : "right"
                  },
                  "expectedDistance" : ">= 40px",
                  "realDistance" : "58px"
                } ],
                "highlight" : [ "celija-6" ]
              }, {
                "status" : "info",
                "place" : {
                  "filePath" : "sale.gspec",
                  "lineNumber" : 53
                },
                "name" : "inside tabela",
                "meta" : [ ],
                "highlight" : [ "celija-6", "tabela" ]
              } ]
            }, {
              "name" : "celija-7",
              "specs" : [ {
                "status" : "info",
                "place" : {
                  "filePath" : "sale.gspec",
                  "lineNumber" : 52
                },
                "name" : "width >= 40px",
                "meta" : [ {
                  "from" : {
                    "object" : "celija-7",
                    "edge" : "left"
                  },
                  "to" : {
                    "object" : "celija-7",
                    "edge" : "right"
                  },
                  "expectedDistance" : ">= 40px",
                  "realDistance" : "88px"
                } ],
                "highlight" : [ "celija-7" ]
              }, {
                "status" : "info",
                "place" : {
                  "filePath" : "sale.gspec",
                  "lineNumber" : 53
                },
                "name" : "inside tabela",
                "meta" : [ ],
                "highlight" : [ "celija-7", "tabela" ]
              } ]
            }, {
              "name" : "celija-8",
              "specs" : [ {
                "status" : "info",
                "place" : {
                  "filePath" : "sale.gspec",
                  "lineNumber" : 52
                },
                "name" : "width >= 40px",
                "meta" : [ {
                  "from" : {
                    "object" : "celija-8",
                    "edge" : "left"
                  },
                  "to" : {
                    "object" : "celija-8",
                    "edge" : "right"
                  },
                  "expectedDistance" : ">= 40px",
                  "realDistance" : "48px"
                } ],
                "highlight" : [ "celija-8" ]
              }, {
                "status" : "info",
                "place" : {
                  "filePath" : "sale.gspec",
                  "lineNumber" : 53
                },
                "name" : "inside tabela",
                "meta" : [ ],
                "highlight" : [ "celija-8", "tabela" ]
              } ]
            }, {
              "name" : "celija-9",
              "specs" : [ {
                "status" : "info",
                "place" : {
                  "filePath" : "sale.gspec",
                  "lineNumber" : 52
                },
                "name" : "width >= 40px",
                "meta" : [ {
                  "from" : {
                    "object" : "celija-9",
                    "edge" : "left"
                  },
                  "to" : {
                    "object" : "celija-9",
                    "edge" : "right"
                  },
                  "expectedDistance" : ">= 40px",
                  "realDistance" : "48px"
                } ],
                "highlight" : [ "celija-9" ]
              }, {
                "status" : "info",
                "place" : {
                  "filePath" : "sale.gspec",
                  "lineNumber" : 53
                },
                "name" : "inside tabela",
                "meta" : [ ],
                "highlight" : [ "celija-9", "tabela" ]
              } ]
            }, {
              "name" : "celija-10",
              "specs" : [ {
                "status" : "info",
                "place" : {
                  "filePath" : "sale.gspec",
                  "lineNumber" : 52
                },
                "name" : "width >= 40px",
                "meta" : [ {
                  "from" : {
                    "object" : "celija-10",
                    "edge" : "left"
                  },
                  "to" : {
                    "object" : "celija-10",
                    "edge" : "right"
                  },
                  "expectedDistance" : ">= 40px",
                  "realDistance" : "48px"
                } ],
                "highlight" : [ "celija-10" ]
              }, {
                "status" : "info",
                "place" : {
                  "filePath" : "sale.gspec",
                  "lineNumber" : 53
                },
                "name" : "inside tabela",
                "meta" : [ ],
                "highlight" : [ "celija-10", "tabela" ]
              } ]
            }, {
              "name" : "celija-11",
              "specs" : [ {
                "status" : "info",
                "place" : {
                  "filePath" : "sale.gspec",
                  "lineNumber" : 52
                },
                "name" : "width >= 40px",
                "meta" : [ {
                  "from" : {
                    "object" : "celija-11",
                    "edge" : "left"
                  },
                  "to" : {
                    "object" : "celija-11",
                    "edge" : "right"
                  },
                  "expectedDistance" : ">= 40px",
                  "realDistance" : "48px"
                } ],
                "highlight" : [ "celija-11" ]
              }, {
                "status" : "info",
                "place" : {
                  "filePath" : "sale.gspec",
                  "lineNumber" : 53
                },
                "name" : "inside tabela",
                "meta" : [ ],
                "highlight" : [ "celija-11", "tabela" ]
              } ]
            }, {
              "name" : "celija-12",
              "specs" : [ {
                "status" : "info",
                "place" : {
                  "filePath" : "sale.gspec",
                  "lineNumber" : 52
                },
                "name" : "width >= 40px",
                "meta" : [ {
                  "from" : {
                    "object" : "celija-12",
                    "edge" : "left"
                  },
                  "to" : {
                    "object" : "celija-12",
                    "edge" : "right"
                  },
                  "expectedDistance" : ">= 40px",
                  "realDistance" : "58px"
                } ],
                "highlight" : [ "celija-12" ]
              }, {
                "status" : "info",
                "place" : {
                  "filePath" : "sale.gspec",
                  "lineNumber" : 53
                },
                "name" : "inside tabela",
                "meta" : [ ],
                "highlight" : [ "celija-12", "tabela" ]
              } ]
            }, {
              "name" : "celija-13",
              "specs" : [ {
                "status" : "info",
                "place" : {
                  "filePath" : "sale.gspec",
                  "lineNumber" : 52
                },
                "name" : "width >= 40px",
                "meta" : [ {
                  "from" : {
                    "object" : "celija-13",
                    "edge" : "left"
                  },
                  "to" : {
                    "object" : "celija-13",
                    "edge" : "right"
                  },
                  "expectedDistance" : ">= 40px",
                  "realDistance" : "88px"
                } ],
                "highlight" : [ "celija-13" ]
              }, {
                "status" : "info",
                "place" : {
                  "filePath" : "sale.gspec",
                  "lineNumber" : 53
                },
                "name" : "inside tabela",
                "meta" : [ ],
                "highlight" : [ "celija-13", "tabela" ]
              } ]
            }, {
              "name" : "celija-14",
              "specs" : [ {
                "status" : "info",
                "place" : {
                  "filePath" : "sale.gspec",
                  "lineNumber" : 52
                },
                "name" : "width >= 40px",
                "meta" : [ {
                  "from" : {
                    "object" : "celija-14",
                    "edge" : "left"
                  },
                  "to" : {
                    "object" : "celija-14",
                    "edge" : "right"
                  },
                  "expectedDistance" : ">= 40px",
                  "realDistance" : "48px"
                } ],
                "highlight" : [ "celija-14" ]
              }, {
                "status" : "info",
                "place" : {
                  "filePath" : "sale.gspec",
                  "lineNumber" : 53
                },
                "name" : "inside tabela",
                "meta" : [ ],
                "highlight" : [ "celija-14", "tabela" ]
              } ]
            }, {
              "name" : "celija-15",
              "specs" : [ {
                "status" : "info",
                "place" : {
                  "filePath" : "sale.gspec",
                  "lineNumber" : 52
                },
                "name" : "width >= 40px",
                "meta" : [ {
                  "from" : {
                    "object" : "celija-15",
                    "edge" : "left"
                  },
                  "to" : {
                    "object" : "celija-15",
                    "edge" : "right"
                  },
                  "expectedDistance" : ">= 40px",
                  "realDistance" : "48px"
                } ],
                "highlight" : [ "celija-15" ]
              }, {
                "status" : "info",
                "place" : {
                  "filePath" : "sale.gspec",
                  "lineNumber" : 53
                },
                "name" : "inside tabela",
                "meta" : [ ],
                "highlight" : [ "celija-15", "tabela" ]
              } ]
            }, {
              "name" : "celija-16",
              "specs" : [ {
                "status" : "info",
                "place" : {
                  "filePath" : "sale.gspec",
                  "lineNumber" : 52
                },
                "name" : "width >= 40px",
                "meta" : [ {
                  "from" : {
                    "object" : "celija-16",
                    "edge" : "left"
                  },
                  "to" : {
                    "object" : "celija-16",
                    "edge" : "right"
                  },
                  "expectedDistance" : ">= 40px",
                  "realDistance" : "48px"
                } ],
                "highlight" : [ "celija-16" ]
              }, {
                "status" : "info",
                "place" : {
                  "filePath" : "sale.gspec",
                  "lineNumber" : 53
                },
                "name" : "inside tabela",
                "meta" : [ ],
                "highlight" : [ "celija-16", "tabela" ]
              } ]
            }, {
              "name" : "celija-17",
              "specs" : [ {
                "status" : "info",
                "place" : {
                  "filePath" : "sale.gspec",
                  "lineNumber" : 52
                },
                "name" : "width >= 40px",
                "meta" : [ {
                  "from" : {
                    "object" : "celija-17",
                    "edge" : "left"
                  },
                  "to" : {
                    "object" : "celija-17",
                    "edge" : "right"
                  },
                  "expectedDistance" : ">= 40px",
                  "realDistance" : "48px"
                } ],
                "highlight" : [ "celija-17" ]
              }, {
                "status" : "info",
                "place" : {
                  "filePath" : "sale.gspec",
                  "lineNumber" : 53
                },
                "name" : "inside tabela",
                "meta" : [ ],
                "highlight" : [ "celija-17", "tabela" ]
              } ]
            }, {
              "name" : "celija-18",
              "specs" : [ {
                "status" : "info",
                "place" : {
                  "filePath" : "sale.gspec",
                  "lineNumber" : 52
                },
                "name" : "width >= 40px",
                "meta" : [ {
                  "from" : {
                    "object" : "celija-18",
                    "edge" : "left"
                  },
                  "to" : {
                    "object" : "celija-18",
                    "edge" : "right"
                  },
                  "expectedDistance" : ">= 40px",
                  "realDistance" : "58px"
                } ],
                "highlight" : [ "celija-18" ]
              }, {
                "status" : "info",
                "place" : {
                  "filePath" : "sale.gspec",
                  "lineNumber" : 53
                },
                "name" : "inside tabela",
                "meta" : [ ],
                "highlight" : [ "celija-18", "tabela" ]
              } ]
            }, {
              "name" : "celija-19",
              "specs" : [ {
                "status" : "info",
                "place" : {
                  "filePath" : "sale.gspec",
                  "lineNumber" : 52
                },
                "name" : "width >= 40px",
                "meta" : [ {
                  "from" : {
                    "object" : "celija-19",
                    "edge" : "left"
                  },
                  "to" : {
                    "object" : "celija-19",
                    "edge" : "right"
                  },
                  "expectedDistance" : ">= 40px",
                  "realDistance" : "88px"
                } ],
                "highlight" : [ "celija-19" ]
              }, {
                "status" : "info",
                "place" : {
                  "filePath" : "sale.gspec",
                  "lineNumber" : 53
                },
                "name" : "inside tabela",
                "meta" : [ ],
                "highlight" : [ "celija-19", "tabela" ]
              } ]
            }, {
              "name" : "celija-20",
              "specs" : [ {
                "status" : "info",
                "place" : {
                  "filePath" : "sale.gspec",
                  "lineNumber" : 52
                },
                "name" : "width >= 40px",
                "meta" : [ {
                  "from" : {
                    "object" : "celija-20",
                    "edge" : "left"
                  },
                  "to" : {
                    "object" : "celija-20",
                    "edge" : "right"
                  },
                  "expectedDistance" : ">= 40px",
                  "realDistance" : "48px"
                } ],
                "highlight" : [ "celija-20" ]
              }, {
                "status" : "info",
                "place" : {
                  "filePath" : "sale.gspec",
                  "lineNumber" : 53
                },
                "name" : "inside tabela",
                "meta" : [ ],
                "highlight" : [ "celija-20", "tabela" ]
              } ]
            }, {
              "name" : "celija-21",
              "specs" : [ {
                "status" : "info",
                "place" : {
                  "filePath" : "sale.gspec",
                  "lineNumber" : 52
                },
                "name" : "width >= 40px",
                "meta" : [ {
                  "from" : {
                    "object" : "celija-21",
                    "edge" : "left"
                  },
                  "to" : {
                    "object" : "celija-21",
                    "edge" : "right"
                  },
                  "expectedDistance" : ">= 40px",
                  "realDistance" : "48px"
                } ],
                "highlight" : [ "celija-21" ]
              }, {
                "status" : "info",
                "place" : {
                  "filePath" : "sale.gspec",
                  "lineNumber" : 53
                },
                "name" : "inside tabela",
                "meta" : [ ],
                "highlight" : [ "celija-21", "tabela" ]
              } ]
            }, {
              "name" : "celija-22",
              "specs" : [ {
                "status" : "info",
                "place" : {
                  "filePath" : "sale.gspec",
                  "lineNumber" : 52
                },
                "name" : "width >= 40px",
                "meta" : [ {
                  "from" : {
                    "object" : "celija-22",
                    "edge" : "left"
                  },
                  "to" : {
                    "object" : "celija-22",
                    "edge" : "right"
                  },
                  "expectedDistance" : ">= 40px",
                  "realDistance" : "48px"
                } ],
                "highlight" : [ "celija-22" ]
              }, {
                "status" : "info",
                "place" : {
                  "filePath" : "sale.gspec",
                  "lineNumber" : 53
                },
                "name" : "inside tabela",
                "meta" : [ ],
                "highlight" : [ "celija-22", "tabela" ]
              } ]
            }, {
              "name" : "celija-23",
              "specs" : [ {
                "status" : "info",
                "place" : {
                  "filePath" : "sale.gspec",
                  "lineNumber" : 52
                },
                "name" : "width >= 40px",
                "meta" : [ {
                  "from" : {
                    "object" : "celija-23",
                    "edge" : "left"
                  },
                  "to" : {
                    "object" : "celija-23",
                    "edge" : "right"
                  },
                  "expectedDistance" : ">= 40px",
                  "realDistance" : "48px"
                } ],
                "highlight" : [ "celija-23" ]
              }, {
                "status" : "info",
                "place" : {
                  "filePath" : "sale.gspec",
                  "lineNumber" : 53
                },
                "name" : "inside tabela",
                "meta" : [ ],
                "highlight" : [ "celija-23", "tabela" ]
              } ]
            }, {
              "name" : "celija-24",
              "specs" : [ {
                "status" : "info",
                "place" : {
                  "filePath" : "sale.gspec",
                  "lineNumber" : 52
                },
                "name" : "width >= 40px",
                "meta" : [ {
                  "from" : {
                    "object" : "celija-24",
                    "edge" : "left"
                  },
                  "to" : {
                    "object" : "celija-24",
                    "edge" : "right"
                  },
                  "expectedDistance" : ">= 40px",
                  "realDistance" : "58px"
                } ],
                "highlight" : [ "celija-24" ]
              }, {
                "status" : "info",
                "place" : {
                  "filePath" : "sale.gspec",
                  "lineNumber" : 53
                },
                "name" : "inside tabela",
                "meta" : [ ],
                "highlight" : [ "celija-24", "tabela" ]
              } ]
            }, {
              "name" : "celija-25",
              "specs" : [ {
                "status" : "info",
                "place" : {
                  "filePath" : "sale.gspec",
                  "lineNumber" : 52
                },
                "name" : "width >= 40px",
                "meta" : [ {
                  "from" : {
                    "object" : "celija-25",
                    "edge" : "left"
                  },
                  "to" : {
                    "object" : "celija-25",
                    "edge" : "right"
                  },
                  "expectedDistance" : ">= 40px",
                  "realDistance" : "88px"
                } ],
                "highlight" : [ "celija-25" ]
              }, {
                "status" : "info",
                "place" : {
                  "filePath" : "sale.gspec",
                  "lineNumber" : 53
                },
                "name" : "inside tabela",
                "meta" : [ ],
                "highlight" : [ "celija-25", "tabela" ]
              } ]
            }, {
              "name" : "celija-26",
              "specs" : [ {
                "status" : "info",
                "place" : {
                  "filePath" : "sale.gspec",
                  "lineNumber" : 52
                },
                "name" : "width >= 40px",
                "meta" : [ {
                  "from" : {
                    "object" : "celija-26",
                    "edge" : "left"
                  },
                  "to" : {
                    "object" : "celija-26",
                    "edge" : "right"
                  },
                  "expectedDistance" : ">= 40px",
                  "realDistance" : "48px"
                } ],
                "highlight" : [ "celija-26" ]
              }, {
                "status" : "info",
                "place" : {
                  "filePath" : "sale.gspec",
                  "lineNumber" : 53
                },
                "name" : "inside tabela",
                "meta" : [ ],
                "highlight" : [ "celija-26", "tabela" ]
              } ]
            }, {
              "name" : "celija-27",
              "specs" : [ {
                "status" : "info",
                "place" : {
                  "filePath" : "sale.gspec",
                  "lineNumber" : 52
                },
                "name" : "width >= 40px",
                "meta" : [ {
                  "from" : {
                    "object" : "celija-27",
                    "edge" : "left"
                  },
                  "to" : {
                    "object" : "celija-27",
                    "edge" : "right"
                  },
                  "expectedDistance" : ">= 40px",
                  "realDistance" : "48px"
                } ],
                "highlight" : [ "celija-27" ]
              }, {
                "status" : "info",
                "place" : {
                  "filePath" : "sale.gspec",
                  "lineNumber" : 53
                },
                "name" : "inside tabela",
                "meta" : [ ],
                "highlight" : [ "celija-27", "tabela" ]
              } ]
            }, {
              "name" : "celija-28",
              "specs" : [ {
                "status" : "info",
                "place" : {
                  "filePath" : "sale.gspec",
                  "lineNumber" : 52
                },
                "name" : "width >= 40px",
                "meta" : [ {
                  "from" : {
                    "object" : "celija-28",
                    "edge" : "left"
                  },
                  "to" : {
                    "object" : "celija-28",
                    "edge" : "right"
                  },
                  "expectedDistance" : ">= 40px",
                  "realDistance" : "48px"
                } ],
                "highlight" : [ "celija-28" ]
              }, {
                "status" : "info",
                "place" : {
                  "filePath" : "sale.gspec",
                  "lineNumber" : 53
                },
                "name" : "inside tabela",
                "meta" : [ ],
                "highlight" : [ "celija-28", "tabela" ]
              } ]
            }, {
              "name" : "celija-29",
              "specs" : [ {
                "status" : "info",
                "place" : {
                  "filePath" : "sale.gspec",
                  "lineNumber" : 52
                },
                "name" : "width >= 40px",
                "meta" : [ {
                  "from" : {
                    "object" : "celija-29",
                    "edge" : "left"
                  },
                  "to" : {
                    "object" : "celija-29",
                    "edge" : "right"
                  },
                  "expectedDistance" : ">= 40px",
                  "realDistance" : "48px"
                } ],
                "highlight" : [ "celija-29" ]
              }, {
                "status" : "info",
                "place" : {
                  "filePath" : "sale.gspec",
                  "lineNumber" : 53
                },
                "name" : "inside tabela",
                "meta" : [ ],
                "highlight" : [ "celija-29", "tabela" ]
              } ]
            }, {
              "name" : "celija-30",
              "specs" : [ {
                "status" : "info",
                "place" : {
                  "filePath" : "sale.gspec",
                  "lineNumber" : 52
                },
                "name" : "width >= 40px",
                "meta" : [ {
                  "from" : {
                    "object" : "celija-30",
                    "edge" : "left"
                  },
                  "to" : {
                    "object" : "celija-30",
                    "edge" : "right"
                  },
                  "expectedDistance" : ">= 40px",
                  "realDistance" : "58px"
                } ],
                "highlight" : [ "celija-30" ]
              }, {
                "status" : "info",
                "place" : {
                  "filePath" : "sale.gspec",
                  "lineNumber" : 53
                },
                "name" : "inside tabela",
                "meta" : [ ],
                "highlight" : [ "celija-30", "tabela" ]
              } ]
            }, {
              "name" : "celija-31",
              "specs" : [ {
                "status" : "info",
                "place" : {
                  "filePath" : "sale.gspec",
                  "lineNumber" : 52
                },
                "name" : "width >= 40px",
                "meta" : [ {
                  "from" : {
                    "object" : "celija-31",
                    "edge" : "left"
                  },
                  "to" : {
                    "object" : "celija-31",
                    "edge" : "right"
                  },
                  "expectedDistance" : ">= 40px",
                  "realDistance" : "88px"
                } ],
                "highlight" : [ "celija-31" ]
              }, {
                "status" : "info",
                "place" : {
                  "filePath" : "sale.gspec",
                  "lineNumber" : 53
                },
                "name" : "inside tabela",
                "meta" : [ ],
                "highlight" : [ "celija-31", "tabela" ]
              } ]
            }, {
              "name" : "celija-32",
              "specs" : [ {
                "status" : "info",
                "place" : {
                  "filePath" : "sale.gspec",
                  "lineNumber" : 52
                },
                "name" : "width >= 40px",
                "meta" : [ {
                  "from" : {
                    "object" : "celija-32",
                    "edge" : "left"
                  },
                  "to" : {
                    "object" : "celija-32",
                    "edge" : "right"
                  },
                  "expectedDistance" : ">= 40px",
                  "realDistance" : "48px"
                } ],
                "highlight" : [ "celija-32" ]
              }, {
                "status" : "info",
                "place" : {
                  "filePath" : "sale.gspec",
                  "lineNumber" : 53
                },
                "name" : "inside tabela",
                "meta" : [ ],
                "highlight" : [ "celija-32", "tabela" ]
              } ]
            }, {
              "name" : "celija-33",
              "specs" : [ {
                "status" : "info",
                "place" : {
                  "filePath" : "sale.gspec",
                  "lineNumber" : 52
                },
                "name" : "width >= 40px",
                "meta" : [ {
                  "from" : {
                    "object" : "celija-33",
                    "edge" : "left"
                  },
                  "to" : {
                    "object" : "celija-33",
                    "edge" : "right"
                  },
                  "expectedDistance" : ">= 40px",
                  "realDistance" : "48px"
                } ],
                "highlight" : [ "celija-33" ]
              }, {
                "status" : "info",
                "place" : {
                  "filePath" : "sale.gspec",
                  "lineNumber" : 53
                },
                "name" : "inside tabela",
                "meta" : [ ],
                "highlight" : [ "celija-33", "tabela" ]
              } ]
            }, {
              "name" : "celija-34",
              "specs" : [ {
                "status" : "info",
                "place" : {
                  "filePath" : "sale.gspec",
                  "lineNumber" : 52
                },
                "name" : "width >= 40px",
                "meta" : [ {
                  "from" : {
                    "object" : "celija-34",
                    "edge" : "left"
                  },
                  "to" : {
                    "object" : "celija-34",
                    "edge" : "right"
                  },
                  "expectedDistance" : ">= 40px",
                  "realDistance" : "48px"
                } ],
                "highlight" : [ "celija-34" ]
              }, {
                "status" : "info",
                "place" : {
                  "filePath" : "sale.gspec",
                  "lineNumber" : 53
                },
                "name" : "inside tabela",
                "meta" : [ ],
                "highlight" : [ "celija-34", "tabela" ]
              } ]
            }, {
              "name" : "celija-35",
              "specs" : [ {
                "status" : "info",
                "place" : {
                  "filePath" : "sale.gspec",
                  "lineNumber" : 52
                },
                "name" : "width >= 40px",
                "meta" : [ {
                  "from" : {
                    "object" : "celija-35",
                    "edge" : "left"
                  },
                  "to" : {
                    "object" : "celija-35",
                    "edge" : "right"
                  },
                  "expectedDistance" : ">= 40px",
                  "realDistance" : "48px"
                } ],
                "highlight" : [ "celija-35" ]
              }, {
                "status" : "info",
                "place" : {
                  "filePath" : "sale.gspec",
                  "lineNumber" : 53
                },
                "name" : "inside tabela",
                "meta" : [ ],
                "highlight" : [ "celija-35", "tabela" ]
              } ]
            }, {
              "name" : "celija-36",
              "specs" : [ {
                "status" : "info",
                "place" : {
                  "filePath" : "sale.gspec",
                  "lineNumber" : 52
                },
                "name" : "width >= 40px",
                "meta" : [ {
                  "from" : {
                    "object" : "celija-36",
                    "edge" : "left"
                  },
                  "to" : {
                    "object" : "celija-36",
                    "edge" : "right"
                  },
                  "expectedDistance" : ">= 40px",
                  "realDistance" : "58px"
                } ],
                "highlight" : [ "celija-36" ]
              }, {
                "status" : "info",
                "place" : {
                  "filePath" : "sale.gspec",
                  "lineNumber" : 53
                },
                "name" : "inside tabela",
                "meta" : [ ],
                "highlight" : [ "celija-36", "tabela" ]
              } ]
            }, {
              "name" : "celija-37",
              "specs" : [ {
                "status" : "info",
                "place" : {
                  "filePath" : "sale.gspec",
                  "lineNumber" : 52
                },
                "name" : "width >= 40px",
                "meta" : [ {
                  "from" : {
                    "object" : "celija-37",
                    "edge" : "left"
                  },
                  "to" : {
                    "object" : "celija-37",
                    "edge" : "right"
                  },
                  "expectedDistance" : ">= 40px",
                  "realDistance" : "88px"
                } ],
                "highlight" : [ "celija-37" ]
              }, {
                "status" : "info",
                "place" : {
                  "filePath" : "sale.gspec",
                  "lineNumber" : 53
                },
                "name" : "inside tabela",
                "meta" : [ ],
                "highlight" : [ "celija-37", "tabela" ]
              } ]
            }, {
              "name" : "celija-38",
              "specs" : [ {
                "status" : "info",
                "place" : {
                  "filePath" : "sale.gspec",
                  "lineNumber" : 52
                },
                "name" : "width >= 40px",
                "meta" : [ {
                  "from" : {
                    "object" : "celija-38",
                    "edge" : "left"
                  },
                  "to" : {
                    "object" : "celija-38",
                    "edge" : "right"
                  },
                  "expectedDistance" : ">= 40px",
                  "realDistance" : "48px"
                } ],
                "highlight" : [ "celija-38" ]
              }, {
                "status" : "info",
                "place" : {
                  "filePath" : "sale.gspec",
                  "lineNumber" : 53
                },
                "name" : "inside tabela",
                "meta" : [ ],
                "highlight" : [ "celija-38", "tabela" ]
              } ]
            }, {
              "name" : "celija-39",
              "specs" : [ {
                "status" : "info",
                "place" : {
                  "filePath" : "sale.gspec",
                  "lineNumber" : 52
                },
                "name" : "width >= 40px",
                "meta" : [ {
                  "from" : {
                    "object" : "celija-39",
                    "edge" : "left"
                  },
                  "to" : {
                    "object" : "celija-39",
                    "edge" : "right"
                  },
                  "expectedDistance" : ">= 40px",
                  "realDistance" : "48px"
                } ],
                "highlight" : [ "celija-39" ]
              }, {
                "status" : "info",
                "place" : {
                  "filePath" : "sale.gspec",
                  "lineNumber" : 53
                },
                "name" : "inside tabela",
                "meta" : [ ],
                "highlight" : [ "celija-39", "tabela" ]
              } ]
            }, {
              "name" : "celija-40",
              "specs" : [ {
                "status" : "info",
                "place" : {
                  "filePath" : "sale.gspec",
                  "lineNumber" : 52
                },
                "name" : "width >= 40px",
                "meta" : [ {
                  "from" : {
                    "object" : "celija-40",
                    "edge" : "left"
                  },
                  "to" : {
                    "object" : "celija-40",
                    "edge" : "right"
                  },
                  "expectedDistance" : ">= 40px",
                  "realDistance" : "48px"
                } ],
                "highlight" : [ "celija-40" ]
              }, {
                "status" : "info",
                "place" : {
                  "filePath" : "sale.gspec",
                  "lineNumber" : 53
                },
                "name" : "inside tabela",
                "meta" : [ ],
                "highlight" : [ "celija-40", "tabela" ]
              } ]
            }, {
              "name" : "celija-41",
              "specs" : [ {
                "status" : "info",
                "place" : {
                  "filePath" : "sale.gspec",
                  "lineNumber" : 52
                },
                "name" : "width >= 40px",
                "meta" : [ {
                  "from" : {
                    "object" : "celija-41",
                    "edge" : "left"
                  },
                  "to" : {
                    "object" : "celija-41",
                    "edge" : "right"
                  },
                  "expectedDistance" : ">= 40px",
                  "realDistance" : "48px"
                } ],
                "highlight" : [ "celija-41" ]
              }, {
                "status" : "info",
                "place" : {
                  "filePath" : "sale.gspec",
                  "lineNumber" : 53
                },
                "name" : "inside tabela",
                "meta" : [ ],
                "highlight" : [ "celija-41", "tabela" ]
              } ]
            }, {
              "name" : "celija-42",
              "specs" : [ {
                "status" : "info",
                "place" : {
                  "filePath" : "sale.gspec",
                  "lineNumber" : 52
                },
                "name" : "width >= 40px",
                "meta" : [ {
                  "from" : {
                    "object" : "celija-42",
                    "edge" : "left"
                  },
                  "to" : {
                    "object" : "celija-42",
                    "edge" : "right"
                  },
                  "expectedDistance" : ">= 40px",
                  "realDistance" : "58px"
                } ],
                "highlight" : [ "celija-42" ]
              }, {
                "status" : "info",
                "place" : {
                  "filePath" : "sale.gspec",
                  "lineNumber" : 53
                },
                "name" : "inside tabela",
                "meta" : [ ],
                "highlight" : [ "celija-42", "tabela" ]
              } ]
            }, {
              "name" : "celija-43",
              "specs" : [ {
                "status" : "info",
                "place" : {
                  "filePath" : "sale.gspec",
                  "lineNumber" : 52
                },
                "name" : "width >= 40px",
                "meta" : [ {
                  "from" : {
                    "object" : "celija-43",
                    "edge" : "left"
                  },
                  "to" : {
                    "object" : "celija-43",
                    "edge" : "right"
                  },
                  "expectedDistance" : ">= 40px",
                  "realDistance" : "88px"
                } ],
                "highlight" : [ "celija-43" ]
              }, {
                "status" : "info",
                "place" : {
                  "filePath" : "sale.gspec",
                  "lineNumber" : 53
                },
                "name" : "inside tabela",
                "meta" : [ ],
                "highlight" : [ "celija-43", "tabela" ]
              } ]
            }, {
              "name" : "celija-44",
              "specs" : [ {
                "status" : "info",
                "place" : {
                  "filePath" : "sale.gspec",
                  "lineNumber" : 52
                },
                "name" : "width >= 40px",
                "meta" : [ {
                  "from" : {
                    "object" : "celija-44",
                    "edge" : "left"
                  },
                  "to" : {
                    "object" : "celija-44",
                    "edge" : "right"
                  },
                  "expectedDistance" : ">= 40px",
                  "realDistance" : "48px"
                } ],
                "highlight" : [ "celija-44" ]
              }, {
                "status" : "info",
                "place" : {
                  "filePath" : "sale.gspec",
                  "lineNumber" : 53
                },
                "name" : "inside tabela",
                "meta" : [ ],
                "highlight" : [ "celija-44", "tabela" ]
              } ]
            }, {
              "name" : "celija-45",
              "specs" : [ {
                "status" : "info",
                "place" : {
                  "filePath" : "sale.gspec",
                  "lineNumber" : 52
                },
                "name" : "width >= 40px",
                "meta" : [ {
                  "from" : {
                    "object" : "celija-45",
                    "edge" : "left"
                  },
                  "to" : {
                    "object" : "celija-45",
                    "edge" : "right"
                  },
                  "expectedDistance" : ">= 40px",
                  "realDistance" : "48px"
                } ],
                "highlight" : [ "celija-45" ]
              }, {
                "status" : "info",
                "place" : {
                  "filePath" : "sale.gspec",
                  "lineNumber" : 53
                },
                "name" : "inside tabela",
                "meta" : [ ],
                "highlight" : [ "celija-45", "tabela" ]
              } ]
            }, {
              "name" : "celija-46",
              "specs" : [ {
                "status" : "info",
                "place" : {
                  "filePath" : "sale.gspec",
                  "lineNumber" : 52
                },
                "name" : "width >= 40px",
                "meta" : [ {
                  "from" : {
                    "object" : "celija-46",
                    "edge" : "left"
                  },
                  "to" : {
                    "object" : "celija-46",
                    "edge" : "right"
                  },
                  "expectedDistance" : ">= 40px",
                  "realDistance" : "48px"
                } ],
                "highlight" : [ "celija-46" ]
              }, {
                "status" : "info",
                "place" : {
                  "filePath" : "sale.gspec",
                  "lineNumber" : 53
                },
                "name" : "inside tabela",
                "meta" : [ ],
                "highlight" : [ "celija-46", "tabela" ]
              } ]
            }, {
              "name" : "celija-47",
              "specs" : [ {
                "status" : "info",
                "place" : {
                  "filePath" : "sale.gspec",
                  "lineNumber" : 52
                },
                "name" : "width >= 40px",
                "meta" : [ {
                  "from" : {
                    "object" : "celija-47",
                    "edge" : "left"
                  },
                  "to" : {
                    "object" : "celija-47",
                    "edge" : "right"
                  },
                  "expectedDistance" : ">= 40px",
                  "realDistance" : "48px"
                } ],
                "highlight" : [ "celija-47" ]
              }, {
                "status" : "info",
                "place" : {
                  "filePath" : "sale.gspec",
                  "lineNumber" : 53
                },
                "name" : "inside tabela",
                "meta" : [ ],
                "highlight" : [ "celija-47", "tabela" ]
              } ]
            }, {
              "name" : "celija-48",
              "specs" : [ {
                "status" : "info",
                "place" : {
                  "filePath" : "sale.gspec",
                  "lineNumber" : 52
                },
                "name" : "width >= 40px",
                "meta" : [ {
                  "from" : {
                    "object" : "celija-48",
                    "edge" : "left"
                  },
                  "to" : {
                    "object" : "celija-48",
                    "edge" : "right"
                  },
                  "expectedDistance" : ">= 40px",
                  "realDistance" : "58px"
                } ],
                "highlight" : [ "celija-48" ]
              }, {
                "status" : "info",
                "place" : {
                  "filePath" : "sale.gspec",
                  "lineNumber" : 53
                },
                "name" : "inside tabela",
                "meta" : [ ],
                "highlight" : [ "celija-48", "tabela" ]
              } ]
            }, {
              "name" : "celija-49",
              "specs" : [ {
                "status" : "info",
                "place" : {
                  "filePath" : "sale.gspec",
                  "lineNumber" : 52
                },
                "name" : "width >= 40px",
                "meta" : [ {
                  "from" : {
                    "object" : "celija-49",
                    "edge" : "left"
                  },
                  "to" : {
                    "object" : "celija-49",
                    "edge" : "right"
                  },
                  "expectedDistance" : ">= 40px",
                  "realDistance" : "88px"
                } ],
                "highlight" : [ "celija-49" ]
              }, {
                "status" : "info",
                "place" : {
                  "filePath" : "sale.gspec",
                  "lineNumber" : 53
                },
                "name" : "inside tabela",
                "meta" : [ ],
                "highlight" : [ "celija-49", "tabela" ]
              } ]
            }, {
              "name" : "celija-50",
              "specs" : [ {
                "status" : "info",
                "place" : {
                  "filePath" : "sale.gspec",
                  "lineNumber" : 52
                },
                "name" : "width >= 40px",
                "meta" : [ {
                  "from" : {
                    "object" : "celija-50",
                    "edge" : "left"
                  },
                  "to" : {
                    "object" : "celija-50",
                    "edge" : "right"
                  },
                  "expectedDistance" : ">= 40px",
                  "realDistance" : "48px"
                } ],
                "highlight" : [ "celija-50" ]
              }, {
                "status" : "info",
                "place" : {
                  "filePath" : "sale.gspec",
                  "lineNumber" : 53
                },
                "name" : "inside tabela",
                "meta" : [ ],
                "highlight" : [ "celija-50", "tabela" ]
              } ]
            }, {
              "name" : "celija-51",
              "specs" : [ {
                "status" : "info",
                "place" : {
                  "filePath" : "sale.gspec",
                  "lineNumber" : 52
                },
                "name" : "width >= 40px",
                "meta" : [ {
                  "from" : {
                    "object" : "celija-51",
                    "edge" : "left"
                  },
                  "to" : {
                    "object" : "celija-51",
                    "edge" : "right"
                  },
                  "expectedDistance" : ">= 40px",
                  "realDistance" : "48px"
                } ],
                "highlight" : [ "celija-51" ]
              }, {
                "status" : "info",
                "place" : {
                  "filePath" : "sale.gspec",
                  "lineNumber" : 53
                },
                "name" : "inside tabela",
                "meta" : [ ],
                "highlight" : [ "celija-51", "tabela" ]
              } ]
            }, {
              "name" : "celija-52",
              "specs" : [ {
                "status" : "info",
                "place" : {
                  "filePath" : "sale.gspec",
                  "lineNumber" : 52
                },
                "name" : "width >= 40px",
                "meta" : [ {
                  "from" : {
                    "object" : "celija-52",
                    "edge" : "left"
                  },
                  "to" : {
                    "object" : "celija-52",
                    "edge" : "right"
                  },
                  "expectedDistance" : ">= 40px",
                  "realDistance" : "48px"
                } ],
                "highlight" : [ "celija-52" ]
              }, {
                "status" : "info",
                "place" : {
                  "filePath" : "sale.gspec",
                  "lineNumber" : 53
                },
                "name" : "inside tabela",
                "meta" : [ ],
                "highlight" : [ "celija-52", "tabela" ]
              } ]
            }, {
              "name" : "celija-53",
              "specs" : [ {
                "status" : "info",
                "place" : {
                  "filePath" : "sale.gspec",
                  "lineNumber" : 52
                },
                "name" : "width >= 40px",
                "meta" : [ {
                  "from" : {
                    "object" : "celija-53",
                    "edge" : "left"
                  },
                  "to" : {
                    "object" : "celija-53",
                    "edge" : "right"
                  },
                  "expectedDistance" : ">= 40px",
                  "realDistance" : "48px"
                } ],
                "highlight" : [ "celija-53" ]
              }, {
                "status" : "info",
                "place" : {
                  "filePath" : "sale.gspec",
                  "lineNumber" : 53
                },
                "name" : "inside tabela",
                "meta" : [ ],
                "highlight" : [ "celija-53", "tabela" ]
              } ]
            }, {
              "name" : "celija-54",
              "specs" : [ {
                "status" : "info",
                "place" : {
                  "filePath" : "sale.gspec",
                  "lineNumber" : 52
                },
                "name" : "width >= 40px",
                "meta" : [ {
                  "from" : {
                    "object" : "celija-54",
                    "edge" : "left"
                  },
                  "to" : {
                    "object" : "celija-54",
                    "edge" : "right"
                  },
                  "expectedDistance" : ">= 40px",
                  "realDistance" : "58px"
                } ],
                "highlight" : [ "celija-54" ]
              }, {
                "status" : "info",
                "place" : {
                  "filePath" : "sale.gspec",
                  "lineNumber" : 53
                },
                "name" : "inside tabela",
                "meta" : [ ],
                "highlight" : [ "celija-54", "tabela" ]
              } ]
            }, {
              "name" : "celija-55",
              "specs" : [ {
                "status" : "info",
                "place" : {
                  "filePath" : "sale.gspec",
                  "lineNumber" : 52
                },
                "name" : "width >= 40px",
                "meta" : [ {
                  "from" : {
                    "object" : "celija-55",
                    "edge" : "left"
                  },
                  "to" : {
                    "object" : "celija-55",
                    "edge" : "right"
                  },
                  "expectedDistance" : ">= 40px",
                  "realDistance" : "88px"
                } ],
                "highlight" : [ "celija-55" ]
              }, {
                "status" : "info",
                "place" : {
                  "filePath" : "sale.gspec",
                  "lineNumber" : 53
                },
                "name" : "inside tabela",
                "meta" : [ ],
                "highlight" : [ "celija-55", "tabela" ]
              } ]
            }, {
              "name" : "celija-56",
              "specs" : [ {
                "status" : "info",
                "place" : {
                  "filePath" : "sale.gspec",
                  "lineNumber" : 52
                },
                "name" : "width >= 40px",
                "meta" : [ {
                  "from" : {
                    "object" : "celija-56",
                    "edge" : "left"
                  },
                  "to" : {
                    "object" : "celija-56",
                    "edge" : "right"
                  },
                  "expectedDistance" : ">= 40px",
                  "realDistance" : "48px"
                } ],
                "highlight" : [ "celija-56" ]
              }, {
                "status" : "info",
                "place" : {
                  "filePath" : "sale.gspec",
                  "lineNumber" : 53
                },
                "name" : "inside tabela",
                "meta" : [ ],
                "highlight" : [ "celija-56", "tabela" ]
              } ]
            }, {
              "name" : "celija-57",
              "specs" : [ {
                "status" : "info",
                "place" : {
                  "filePath" : "sale.gspec",
                  "lineNumber" : 52
                },
                "name" : "width >= 40px",
                "meta" : [ {
                  "from" : {
                    "object" : "celija-57",
                    "edge" : "left"
                  },
                  "to" : {
                    "object" : "celija-57",
                    "edge" : "right"
                  },
                  "expectedDistance" : ">= 40px",
                  "realDistance" : "48px"
                } ],
                "highlight" : [ "celija-57" ]
              }, {
                "status" : "info",
                "place" : {
                  "filePath" : "sale.gspec",
                  "lineNumber" : 53
                },
                "name" : "inside tabela",
                "meta" : [ ],
                "highlight" : [ "celija-57", "tabela" ]
              } ]
            }, {
              "name" : "celija-58",
              "specs" : [ {
                "status" : "info",
                "place" : {
                  "filePath" : "sale.gspec",
                  "lineNumber" : 52
                },
                "name" : "width >= 40px",
                "meta" : [ {
                  "from" : {
                    "object" : "celija-58",
                    "edge" : "left"
                  },
                  "to" : {
                    "object" : "celija-58",
                    "edge" : "right"
                  },
                  "expectedDistance" : ">= 40px",
                  "realDistance" : "48px"
                } ],
                "highlight" : [ "celija-58" ]
              }, {
                "status" : "info",
                "place" : {
                  "filePath" : "sale.gspec",
                  "lineNumber" : 53
                },
                "name" : "inside tabela",
                "meta" : [ ],
                "highlight" : [ "celija-58", "tabela" ]
              } ]
            }, {
              "name" : "celija-59",
              "specs" : [ {
                "status" : "info",
                "place" : {
                  "filePath" : "sale.gspec",
                  "lineNumber" : 52
                },
                "name" : "width >= 40px",
                "meta" : [ {
                  "from" : {
                    "object" : "celija-59",
                    "edge" : "left"
                  },
                  "to" : {
                    "object" : "celija-59",
                    "edge" : "right"
                  },
                  "expectedDistance" : ">= 40px",
                  "realDistance" : "48px"
                } ],
                "highlight" : [ "celija-59" ]
              }, {
                "status" : "info",
                "place" : {
                  "filePath" : "sale.gspec",
                  "lineNumber" : 53
                },
                "name" : "inside tabela",
                "meta" : [ ],
                "highlight" : [ "celija-59", "tabela" ]
              } ]
            }, {
              "name" : "celija-60",
              "specs" : [ {
                "status" : "info",
                "place" : {
                  "filePath" : "sale.gspec",
                  "lineNumber" : 52
                },
                "name" : "width >= 40px",
                "meta" : [ {
                  "from" : {
                    "object" : "celija-60",
                    "edge" : "left"
                  },
                  "to" : {
                    "object" : "celija-60",
                    "edge" : "right"
                  },
                  "expectedDistance" : ">= 40px",
                  "realDistance" : "58px"
                } ],
                "highlight" : [ "celija-60" ]
              }, {
                "status" : "info",
                "place" : {
                  "filePath" : "sale.gspec",
                  "lineNumber" : 53
                },
                "name" : "inside tabela",
                "meta" : [ ],
                "highlight" : [ "celija-60", "tabela" ]
              } ]
            }, {
              "name" : "redniBrojevi-2",
              "specs" : [ {
                "status" : "info",
                "place" : {
                  "filePath" : "sale.gspec",
                  "lineNumber" : 58
                },
                "name" : "css text-align is \"left\"",
                "highlight" : [ "redniBrojevi-2" ]
              } ]
            }, {
              "name" : "redniBrojevi-3",
              "specs" : [ {
                "status" : "info",
                "place" : {
                  "filePath" : "sale.gspec",
                  "lineNumber" : 58
                },
                "name" : "css text-align is \"left\"",
                "highlight" : [ "redniBrojevi-3" ]
              } ]
            }, {
              "name" : "redniBrojevi-4",
              "specs" : [ {
                "status" : "info",
                "place" : {
                  "filePath" : "sale.gspec",
                  "lineNumber" : 58
                },
                "name" : "css text-align is \"left\"",
                "highlight" : [ "redniBrojevi-4" ]
              } ]
            }, {
              "name" : "redniBrojevi-5",
              "specs" : [ {
                "status" : "info",
                "place" : {
                  "filePath" : "sale.gspec",
                  "lineNumber" : 58
                },
                "name" : "css text-align is \"left\"",
                "highlight" : [ "redniBrojevi-5" ]
              } ]
            }, {
              "name" : "redniBrojevi-6",
              "specs" : [ {
                "status" : "info",
                "place" : {
                  "filePath" : "sale.gspec",
                  "lineNumber" : 58
                },
                "name" : "css text-align is \"left\"",
                "highlight" : [ "redniBrojevi-6" ]
              } ]
            }, {
              "name" : "redniBrojevi-7",
              "specs" : [ {
                "status" : "info",
                "place" : {
                  "filePath" : "sale.gspec",
                  "lineNumber" : 58
                },
                "name" : "css text-align is \"left\"",
                "highlight" : [ "redniBrojevi-7" ]
              } ]
            }, {
              "name" : "redniBrojevi-8",
              "specs" : [ {
                "status" : "info",
                "place" : {
                  "filePath" : "sale.gspec",
                  "lineNumber" : 58
                },
                "name" : "css text-align is \"left\"",
                "highlight" : [ "redniBrojevi-8" ]
              } ]
            }, {
              "name" : "redniBrojevi-9",
              "specs" : [ {
                "status" : "info",
                "place" : {
                  "filePath" : "sale.gspec",
                  "lineNumber" : 58
                },
                "name" : "css text-align is \"left\"",
                "highlight" : [ "redniBrojevi-9" ]
              } ]
            }, {
              "name" : "redniBrojevi-10",
              "specs" : [ {
                "status" : "info",
                "place" : {
                  "filePath" : "sale.gspec",
                  "lineNumber" : 58
                },
                "name" : "css text-align is \"left\"",
                "highlight" : [ "redniBrojevi-10" ]
              } ]
            } ]
          } ],
          "objects" : {
            "menu_item-3" : {
              "area" : [ 481, 185, 38, 18 ]
            },
            "celija-28" : {
              "area" : [ 512, 470, 48, 37 ]
            },
            "menu_item-2" : {
              "area" : [ 412, 185, 32, 18 ]
            },
            "celija-27" : {
              "area" : [ 464, 470, 48, 37 ]
            },
            "menu_item-5" : {
              "area" : [ 673, 185, 41, 18 ]
            },
            "menu_item-4" : {
              "area" : [ 556, 185, 75, 18 ]
            },
            "celija-29" : {
              "area" : [ 560, 470, 48, 37 ]
            },
            "celija-24" : {
              "area" : [ 608, 433, 58, 37 ]
            },
            "celija-23" : {
              "area" : [ 560, 433, 48, 37 ]
            },
            "celija-26" : {
              "area" : [ 416, 470, 48, 37 ]
            },
            "celija-25" : {
              "area" : [ 328, 470, 88, 37 ]
            },
            "celija-20" : {
              "area" : [ 416, 433, 48, 37 ]
            },
            "celija-22" : {
              "area" : [ 512, 433, 48, 37 ]
            },
            "celija-21" : {
              "area" : [ 464, 433, 48, 37 ]
            },
            "celija-60" : {
              "area" : [ 608, 654, 58, 37 ]
            },
            "menu_item-1" : {
              "area" : [ 320, 185, 54, 18 ]
            },
            "tabela" : {
              "area" : [ 328, 250, 338, 441 ]
            },
            "logo" : {
              "area" : [ 9, 61, 977, 108 ]
            },
            "celija-39" : {
              "area" : [ 464, 544, 48, 37 ]
            },
            "celija-38" : {
              "area" : [ 416, 544, 48, 37 ]
            },
            "redniBrojevi-2" : {
              "area" : [ 328, 360, 88, 37 ]
            },
            "redniBrojevi-3" : {
              "area" : [ 328, 397, 88, 37 ]
            },
            "celija-35" : {
              "area" : [ 560, 507, 48, 37 ]
            },
            "redniBrojevi-10" : {
              "area" : [ 328, 654, 88, 37 ]
            },
            "celija-34" : {
              "area" : [ 512, 507, 48, 37 ]
            },
            "celija-37" : {
              "area" : [ 328, 544, 88, 37 ]
            },
            "celija-36" : {
              "area" : [ 608, 507, 58, 37 ]
            },
            "celija-31" : {
              "area" : [ 328, 507, 88, 37 ]
            },
            "redniBrojevi-8" : {
              "area" : [ 328, 581, 88, 37 ]
            },
            "celija-30" : {
              "area" : [ 608, 470, 58, 37 ]
            },
            "redniBrojevi-9" : {
              "area" : [ 328, 617, 88, 37 ]
            },
            "celija-33" : {
              "area" : [ 464, 507, 48, 37 ]
            },
            "celija-32" : {
              "area" : [ 416, 507, 48, 37 ]
            },
            "celija-9" : {
              "area" : [ 464, 360, 48, 37 ]
            },
            "redniBrojevi-4" : {
              "area" : [ 328, 433, 88, 37 ]
            },
            "redniBrojevi-5" : {
              "area" : [ 328, 470, 88, 37 ]
            },
            "celija-7" : {
              "area" : [ 328, 360, 88, 37 ]
            },
            "redniBrojevi-6" : {
              "area" : [ 328, 507, 88, 37 ]
            },
            "celija-8" : {
              "area" : [ 416, 360, 48, 37 ]
            },
            "redniBrojevi-7" : {
              "area" : [ 328, 544, 88, 37 ]
            },
            "spratHeader" : {
              "area" : [ 416, 250, 250, 53 ]
            },
            "celija-49" : {
              "area" : [ 328, 617, 88, 37 ]
            },
            "celija-46" : {
              "area" : [ 512, 581, 48, 37 ]
            },
            "celija-45" : {
              "area" : [ 464, 581, 48, 37 ]
            },
            "celija-48" : {
              "area" : [ 608, 581, 58, 37 ]
            },
            "celija-47" : {
              "area" : [ 560, 581, 48, 37 ]
            },
            "celija-42" : {
              "area" : [ 608, 544, 58, 37 ]
            },
            "celija-41" : {
              "area" : [ 560, 544, 48, 37 ]
            },
            "celija-44" : {
              "area" : [ 416, 581, 48, 37 ]
            },
            "celija-43" : {
              "area" : [ 328, 581, 88, 37 ]
            },
            "celija-40" : {
              "area" : [ 512, 544, 48, 37 ]
            },
            "kancelarija" : {
              "area" : [ 464, 617, 48, 37 ]
            },
            "celija-5" : {
              "area" : [ 560, 303, 48, 57 ]
            },
            "celija-6" : {
              "area" : [ 608, 303, 58, 57 ]
            },
            "celija-3" : {
              "area" : [ 464, 303, 48, 57 ]
            },
            "celija-4" : {
              "area" : [ 512, 303, 48, 57 ]
            },
            "celija-1" : {
              "area" : [ 328, 303, 88, 57 ]
            },
            "celija-2" : {
              "area" : [ 416, 303, 48, 57 ]
            },
            "link-1" : {
              "area" : [ 320, 185, 54, 18 ]
            },
            "link-2" : {
              "area" : [ 412, 185, 32, 18 ]
            },
            "celija-17" : {
              "area" : [ 560, 397, 48, 37 ]
            },
            "stavka" : {
              "area" : [ 320, 185, 54, 18 ]
            },
            "celija-16" : {
              "area" : [ 512, 397, 48, 37 ]
            },
            "celija-19" : {
              "area" : [ 328, 433, 88, 37 ]
            },
            "celija-18" : {
              "area" : [ 608, 397, 58, 37 ]
            },
            "link-5" : {
              "area" : [ 673, 185, 41, 18 ]
            },
            "celija-13" : {
              "area" : [ 328, 397, 88, 37 ]
            },
            "celija-57" : {
              "area" : [ 464, 654, 48, 37 ]
            },
            "celija-12" : {
              "area" : [ 608, 360, 58, 37 ]
            },
            "celija-56" : {
              "area" : [ 416, 654, 48, 37 ]
            },
            "link-3" : {
              "area" : [ 481, 185, 38, 18 ]
            },
            "celija-15" : {
              "area" : [ 464, 397, 48, 37 ]
            },
            "celija-59" : {
              "area" : [ 560, 654, 48, 37 ]
            },
            "link-4" : {
              "area" : [ 556, 185, 75, 18 ]
            },
            "celija-14" : {
              "area" : [ 416, 397, 48, 37 ]
            },
            "celija-58" : {
              "area" : [ 512, 654, 48, 37 ]
            },
            "celija-53" : {
              "area" : [ 560, 617, 48, 37 ]
            },
            "naslovCelija-2" : {
              "area" : [ 416, 250, 250, 53 ]
            },
            "celija-52" : {
              "area" : [ 512, 617, 48, 37 ]
            },
            "celija-11" : {
              "area" : [ 560, 360, 48, 37 ]
            },
            "celija-55" : {
              "area" : [ 328, 654, 88, 37 ]
            },
            "celija-10" : {
              "area" : [ 512, 360, 48, 37 ]
            },
            "celija-54" : {
              "area" : [ 608, 617, 58, 37 ]
            },
            "naslovCelija-1" : {
              "area" : [ 328, 250, 88, 53 ]
            },
            "menu" : {
              "area" : [ 8, 60, 978, 161 ]
            },
            "sadrzaj" : {
              "area" : [ 8, 230, 978, 472 ]
            },
            "celija-51" : {
              "area" : [ 464, 617, 48, 37 ]
            },
            "zauzeta" : {
              "area" : [ 608, 397, 58, 37 ]
            },
            "celija-50" : {
              "area" : [ 416, 617, 48, 37 ]
            },
            "redni" : {
              "area" : [ 328, 303, 88, 57 ]
            },
            "slobodna" : {
              "area" : [ 608, 360, 58, 37 ]
            }
          },
          "screenshot" : "layout-1-screenshot.png",
          "type" : "layout"
        } ],
        "time" : 1573658283934,
        "type" : "node"
      } ],
      "time" : 1573658278418,
      "type" : "node"
    } ]
  }
}