{
  "testId" : "1-rezervacija.gspec",
  "name" : "rezervacija.gspec",
  "report" : {
    "nodes" : [ {
      "name" : "Simple check",
      "status" : "info",
      "nodes" : [ {
        "name" : "check  rezervacija.gspec --url http://localhost/rezervacija.html --size 1024x768 --htmlreport izvjestaji",
        "status" : "info",
        "nodes" : [ {
          "name" : "Check layout: rezervacija.gspec included tags: ",
          "status" : "info",
          "time" : 1573653140460,
          "sections" : [ {
            "name" : "Header section",
            "place" : {
              "filePath" : "rezervacija.gspec",
              "lineNumber" : 35
            },
            "objects" : [ {
              "name" : "glavni",
              "specs" : [ {
                "status" : "info",
                "place" : {
                  "filePath" : "rezervacija.gspec",
                  "lineNumber" : 37
                },
                "name" : "width 600 to 800 px",
                "meta" : [ {
                  "from" : {
                    "object" : "glavni",
                    "edge" : "left"
                  },
                  "to" : {
                    "object" : "glavni",
                    "edge" : "right"
                  },
                  "expectedDistance" : "600 to 800px",
                  "realDistance" : "680px"
                } ],
                "highlight" : [ "glavni" ]
              } ]
            }, {
              "name" : "meni",
              "specs" : [ {
                "status" : "info",
                "place" : {
                  "filePath" : "rezervacija.gspec",
                  "lineNumber" : 39
                },
                "name" : "width 95 to 100 % of glavni/width",
                "meta" : [ {
                  "from" : {
                    "object" : "meni",
                    "edge" : "left"
                  },
                  "to" : {
                    "object" : "meni",
                    "edge" : "right"
                  },
                  "expectedDistance" : "95 to 100% [646 to 680px]",
                  "realDistance" : "100% [680px]"
                } ],
                "highlight" : [ "meni" ]
              }, {
                "status" : "info",
                "place" : {
                  "filePath" : "rezervacija.gspec",
                  "lineNumber" : 40
                },
                "name" : "inside screen 50px top",
                "meta" : [ {
                  "from" : {
                    "object" : "meni",
                    "edge" : "top"
                  },
                  "to" : {
                    "object" : "screen",
                    "edge" : "top"
                  },
                  "expectedDistance" : "50px",
                  "realDistance" : "50px"
                } ],
                "highlight" : [ "meni", "screen" ]
              }, {
                "status" : "info",
                "place" : {
                  "filePath" : "rezervacija.gspec",
                  "lineNumber" : 41
                },
                "name" : "above sadrzaj 10px",
                "meta" : [ {
                  "from" : {
                    "object" : "meni",
                    "edge" : "bottom"
                  },
                  "to" : {
                    "object" : "sadrzaj",
                    "edge" : "top"
                  },
                  "expectedDistance" : "10px",
                  "realDistance" : "10px"
                } ],
                "highlight" : [ "meni", "sadrzaj" ]
              } ]
            }, {
              "name" : "li",
              "specs" : [ {
                "status" : "info",
                "place" : {
                  "filePath" : "rezervacija.gspec",
                  "lineNumber" : 43
                },
                "name" : "css display is \"inline\"",
                "highlight" : [ "li" ]
              }, {
                "status" : "info",
                "place" : {
                  "filePath" : "rezervacija.gspec",
                  "lineNumber" : 54
                },
                "name" : "css list-style-type is \"none\"",
                "highlight" : [ "li" ]
              } ]
            }, {
              "name" : "list_item-2",
              "specs" : [ {
                "status" : "info",
                "place" : {
                  "filePath" : "rezervacija.gspec",
                  "lineNumber" : 45
                },
                "name" : "text contains \"Sale\"",
                "highlight" : [ "list_item-2" ]
              } ]
            }, {
              "name" : "list_item-3",
              "specs" : [ {
                "status" : "info",
                "place" : {
                  "filePath" : "rezervacija.gspec",
                  "lineNumber" : 47
                },
                "name" : "text contains \"Unos\"",
                "highlight" : [ "list_item-3" ]
              } ]
            }, {
              "name" : "list_item-4",
              "specs" : [ {
                "status" : "info",
                "place" : {
                  "filePath" : "rezervacija.gspec",
                  "lineNumber" : 49
                },
                "name" : "css text-decoration-line is \"none\"",
                "highlight" : [ "list_item-4" ]
              }, {
                "status" : "info",
                "place" : {
                  "filePath" : "rezervacija.gspec",
                  "lineNumber" : 50
                },
                "name" : "text contains \"Rezervacije\"",
                "highlight" : [ "list_item-4" ]
              } ]
            }, {
              "name" : "list_item-5",
              "specs" : [ {
                "status" : "info",
                "place" : {
                  "filePath" : "rezervacija.gspec",
                  "lineNumber" : 52
                },
                "name" : "text contains \"Osobe\"",
                "highlight" : [ "list_item-5" ]
              } ]
            }, {
              "name" : "logo",
              "specs" : [ {
                "status" : "info",
                "place" : {
                  "filePath" : "rezervacija.gspec",
                  "lineNumber" : 56
                },
                "name" : "width 70px",
                "meta" : [ {
                  "from" : {
                    "object" : "logo",
                    "edge" : "left"
                  },
                  "to" : {
                    "object" : "logo",
                    "edge" : "right"
                  },
                  "expectedDistance" : "70px",
                  "realDistance" : "70px"
                } ],
                "highlight" : [ "logo" ]
              }, {
                "status" : "info",
                "place" : {
                  "filePath" : "rezervacija.gspec",
                  "lineNumber" : 57
                },
                "name" : "height 70px",
                "meta" : [ {
                  "from" : {
                    "object" : "logo",
                    "edge" : "top"
                  },
                  "to" : {
                    "object" : "logo",
                    "edge" : "bottom"
                  },
                  "expectedDistance" : "70px",
                  "realDistance" : "70px"
                } ],
                "highlight" : [ "logo" ]
              }, {
                "status" : "info",
                "place" : {
                  "filePath" : "rezervacija.gspec",
                  "lineNumber" : 58
                },
                "name" : "inside partly meni -35px top",
                "meta" : [ {
                  "from" : {
                    "object" : "logo",
                    "edge" : "top"
                  },
                  "to" : {
                    "object" : "meni",
                    "edge" : "top"
                  },
                  "expectedDistance" : "-35px",
                  "realDistance" : "-35px"
                } ],
                "highlight" : [ "logo", "meni" ]
              } ]
            }, {
              "name" : "slika",
              "specs" : [ {
                "status" : "info",
                "place" : {
                  "filePath" : "rezervacija.gspec",
                  "lineNumber" : 60
                },
                "name" : "inside partly logo",
                "meta" : [ ],
                "highlight" : [ "slika", "logo" ]
              } ]
            }, {
              "name" : "comments",
              "specs" : [ {
                "status" : "info",
                "place" : {
                  "filePath" : "rezervacija.gspec",
                  "lineNumber" : 62
                },
                "name" : "absent",
                "highlight" : [ ]
              } ]
            } ]
          }, {
            "name" : "Main section",
            "place" : {
              "filePath" : "rezervacija.gspec",
              "lineNumber" : 63
            },
            "objects" : [ {
              "name" : "sadrzaj",
              "specs" : [ {
                "status" : "info",
                "place" : {
                  "filePath" : "rezervacija.gspec",
                  "lineNumber" : 65
                },
                "name" : "width 100% of glavni/width",
                "meta" : [ {
                  "from" : {
                    "object" : "sadrzaj",
                    "edge" : "left"
                  },
                  "to" : {
                    "object" : "sadrzaj",
                    "edge" : "right"
                  },
                  "expectedDistance" : "100% [680px]",
                  "realDistance" : "100% [680px]"
                } ],
                "highlight" : [ "sadrzaj" ]
              }, {
                "status" : "info",
                "place" : {
                  "filePath" : "rezervacija.gspec",
                  "lineNumber" : 66
                },
                "name" : "css background-color is \"rgb(100, 149, 237)\"",
                "highlight" : [ "sadrzaj" ]
              } ]
            }, {
              "name" : "podaci",
              "specs" : [ {
                "status" : "info",
                "place" : {
                  "filePath" : "rezervacija.gspec",
                  "lineNumber" : 68
                },
                "name" : "above kalendar",
                "meta" : [ {
                  "from" : {
                    "object" : "podaci",
                    "edge" : "bottom"
                  },
                  "to" : {
                    "object" : "kalendar",
                    "edge" : "top"
                  },
                  "expectedDistance" : ">= 0px",
                  "realDistance" : "20px"
                } ],
                "highlight" : [ "podaci", "kalendar" ]
              } ]
            }, {
              "name" : "lista",
              "specs" : [ {
                "status" : "info",
                "place" : {
                  "filePath" : "rezervacija.gspec",
                  "lineNumber" : 70
                },
                "name" : "left-of checkBox 80 to 120 px",
                "meta" : [ {
                  "from" : {
                    "object" : "lista",
                    "edge" : "right"
                  },
                  "to" : {
                    "object" : "checkBox",
                    "edge" : "left"
                  },
                  "expectedDistance" : "80 to 120px",
                  "realDistance" : "96px"
                } ],
                "highlight" : [ "lista", "checkBox" ]
              }, {
                "status" : "info",
                "place" : {
                  "filePath" : "rezervacija.gspec",
                  "lineNumber" : 71
                },
                "name" : "count any opcija-* is > 1",
                "highlight" : [ "opcija-4", "opcija-3", "opcija-5", "opcija-2", "opcija-1" ]
              } ]
            }, {
              "name" : "labeli",
              "specs" : [ {
                "status" : "info",
                "place" : {
                  "filePath" : "rezervacija.gspec",
                  "lineNumber" : 73
                },
                "name" : "css padding-left is \"10px\"",
                "highlight" : [ "labeli" ]
              } ]
            }, {
              "name" : "checkBox",
              "specs" : [ {
                "status" : "info",
                "place" : {
                  "filePath" : "rezervacija.gspec",
                  "lineNumber" : 75
                },
                "name" : "left-of pocetakInput",
                "meta" : [ {
                  "from" : {
                    "object" : "checkBox",
                    "edge" : "right"
                  },
                  "to" : {
                    "object" : "pocetakInput",
                    "edge" : "left"
                  },
                  "expectedDistance" : ">= 0px",
                  "realDistance" : "83px"
                } ],
                "highlight" : [ "checkBox", "pocetakInput" ]
              } ]
            }, {
              "name" : "pocetakInput",
              "specs" : [ {
                "status" : "info",
                "place" : {
                  "filePath" : "rezervacija.gspec",
                  "lineNumber" : 77
                },
                "name" : "width 100 to 150 px",
                "meta" : [ {
                  "from" : {
                    "object" : "pocetakInput",
                    "edge" : "left"
                  },
                  "to" : {
                    "object" : "pocetakInput",
                    "edge" : "right"
                  },
                  "expectedDistance" : "100 to 150px",
                  "realDistance" : "132px"
                } ],
                "highlight" : [ "pocetakInput" ]
              } ]
            }, {
              "name" : "krajInput",
              "specs" : [ {
                "status" : "info",
                "place" : {
                  "filePath" : "rezervacija.gspec",
                  "lineNumber" : 77
                },
                "name" : "width 100 to 150 px",
                "meta" : [ {
                  "from" : {
                    "object" : "krajInput",
                    "edge" : "left"
                  },
                  "to" : {
                    "object" : "krajInput",
                    "edge" : "right"
                  },
                  "expectedDistance" : "100 to 150px",
                  "realDistance" : "132px"
                } ],
                "highlight" : [ "krajInput" ]
              } ]
            }, {
              "name" : "kalendar",
              "specs" : [ {
                "status" : "info",
                "place" : {
                  "filePath" : "rezervacija.gspec",
                  "lineNumber" : 79
                },
                "name" : "below podaci 20px",
                "meta" : [ {
                  "from" : {
                    "object" : "kalendar",
                    "edge" : "top"
                  },
                  "to" : {
                    "object" : "podaci",
                    "edge" : "bottom"
                  },
                  "expectedDistance" : "20px",
                  "realDistance" : "20px"
                } ],
                "highlight" : [ "kalendar", "podaci" ]
              }, {
                "status" : "info",
                "place" : {
                  "filePath" : "rezervacija.gspec",
                  "lineNumber" : 80
                },
                "name" : "css background-color is \"rgb(105, 163, 221)\"",
                "highlight" : [ "kalendar" ]
              } ]
            }, {
              "name" : "imeMjeseca",
              "specs" : [ {
                "status" : "info",
                "place" : {
                  "filePath" : "rezervacija.gspec",
                  "lineNumber" : 82
                },
                "name" : "inside kalendar 10 to 15 px top",
                "meta" : [ {
                  "from" : {
                    "object" : "imeMjeseca",
                    "edge" : "top"
                  },
                  "to" : {
                    "object" : "kalendar",
                    "edge" : "top"
                  },
                  "expectedDistance" : "10 to 15px",
                  "realDistance" : "12px"
                } ],
                "highlight" : [ "imeMjeseca", "kalendar" ]
              } ]
            }, {
              "name" : "imeMjesecaText",
              "specs" : [ {
                "status" : "info",
                "place" : {
                  "filePath" : "rezervacija.gspec",
                  "lineNumber" : 84
                },
                "name" : "inside kalendar",
                "meta" : [ ],
                "highlight" : [ "imeMjesecaText", "kalendar" ]
              } ]
            }, {
              "name" : "daniUSedmiciDiv",
              "specs" : [ {
                "status" : "info",
                "place" : {
                  "filePath" : "rezervacija.gspec",
                  "lineNumber" : 86
                },
                "name" : "css display is \"grid\"",
                "highlight" : [ "daniUSedmiciDiv" ]
              }, {
                "status" : "info",
                "place" : {
                  "filePath" : "rezervacija.gspec",
                  "lineNumber" : 87
                },
                "name" : "above kal 0 to 40 px",
                "meta" : [ {
                  "from" : {
                    "object" : "daniUSedmiciDiv",
                    "edge" : "bottom"
                  },
                  "to" : {
                    "object" : "kal",
                    "edge" : "top"
                  },
                  "expectedDistance" : "0 to 40px",
                  "realDistance" : "0px"
                } ],
                "highlight" : [ "daniUSedmiciDiv", "kal" ]
              }, {
                "status" : "info",
                "place" : {
                  "filePath" : "rezervacija.gspec",
                  "lineNumber" : 88
                },
                "name" : "below imeMjeseca 10 to 50 px",
                "meta" : [ {
                  "from" : {
                    "object" : "daniUSedmiciDiv",
                    "edge" : "top"
                  },
                  "to" : {
                    "object" : "imeMjeseca",
                    "edge" : "bottom"
                  },
                  "expectedDistance" : "10 to 50px",
                  "realDistance" : "20px"
                } ],
                "highlight" : [ "daniUSedmiciDiv", "imeMjeseca" ]
              } ]
            }, {
              "name" : "boxText-1",
              "specs" : [ {
                "status" : "info",
                "place" : {
                  "filePath" : "rezervacija.gspec",
                  "lineNumber" : 90
                },
                "name" : "text contains \"PON\"",
                "highlight" : [ "boxText-1" ]
              }, {
                "status" : "info",
                "place" : {
                  "filePath" : "rezervacija.gspec",
                  "lineNumber" : 91
                },
                "name" : "css text-align is \"center\"",
                "highlight" : [ "boxText-1" ]
              } ]
            }, {
              "name" : "boxText-2",
              "specs" : [ {
                "status" : "info",
                "place" : {
                  "filePath" : "rezervacija.gspec",
                  "lineNumber" : 93
                },
                "name" : "text contains \"UTO\"",
                "highlight" : [ "boxText-2" ]
              }, {
                "status" : "info",
                "place" : {
                  "filePath" : "rezervacija.gspec",
                  "lineNumber" : 94
                },
                "name" : "css text-align is \"center\"",
                "highlight" : [ "boxText-2" ]
              } ]
            }, {
              "name" : "boxText-3",
              "specs" : [ {
                "status" : "info",
                "place" : {
                  "filePath" : "rezervacija.gspec",
                  "lineNumber" : 96
                },
                "name" : "text contains \"SRI\"",
                "highlight" : [ "boxText-3" ]
              }, {
                "status" : "info",
                "place" : {
                  "filePath" : "rezervacija.gspec",
                  "lineNumber" : 97
                },
                "name" : "css text-align is \"center\"",
                "highlight" : [ "boxText-3" ]
              } ]
            }, {
              "name" : "boxText-4",
              "specs" : [ {
                "status" : "info",
                "place" : {
                  "filePath" : "rezervacija.gspec",
                  "lineNumber" : 99
                },
                "name" : "text contains \"CET\"",
                "highlight" : [ "boxText-4" ]
              }, {
                "status" : "info",
                "place" : {
                  "filePath" : "rezervacija.gspec",
                  "lineNumber" : 100
                },
                "name" : "css text-align is \"center\"",
                "highlight" : [ "boxText-4" ]
              } ]
            }, {
              "name" : "boxText-5",
              "specs" : [ {
                "status" : "info",
                "place" : {
                  "filePath" : "rezervacija.gspec",
                  "lineNumber" : 102
                },
                "name" : "text contains \"PET\"",
                "highlight" : [ "boxText-5" ]
              }, {
                "status" : "info",
                "place" : {
                  "filePath" : "rezervacija.gspec",
                  "lineNumber" : 103
                },
                "name" : "css text-align is \"center\"",
                "highlight" : [ "boxText-5" ]
              } ]
            }, {
              "name" : "boxText-6",
              "specs" : [ {
                "status" : "info",
                "place" : {
                  "filePath" : "rezervacija.gspec",
                  "lineNumber" : 105
                },
                "name" : "text contains \"SUB\"",
                "highlight" : [ "boxText-6" ]
              }, {
                "status" : "info",
                "place" : {
                  "filePath" : "rezervacija.gspec",
                  "lineNumber" : 106
                },
                "name" : "css text-align is \"center\"",
                "highlight" : [ "boxText-6" ]
              } ]
            }, {
              "name" : "boxText-7",
              "specs" : [ {
                "status" : "info",
                "place" : {
                  "filePath" : "rezervacija.gspec",
                  "lineNumber" : 108
                },
                "name" : "text contains \"NED\"",
                "highlight" : [ "boxText-7" ]
              }, {
                "status" : "info",
                "place" : {
                  "filePath" : "rezervacija.gspec",
                  "lineNumber" : 109
                },
                "name" : "css text-align is \"center\"",
                "highlight" : [ "boxText-7" ]
              } ]
            }, {
              "name" : "box",
              "specs" : [ {
                "status" : "info",
                "place" : {
                  "filePath" : "rezervacija.gspec",
                  "lineNumber" : 111
                },
                "name" : "width 40 to 60 px",
                "meta" : [ {
                  "from" : {
                    "object" : "box",
                    "edge" : "left"
                  },
                  "to" : {
                    "object" : "box",
                    "edge" : "right"
                  },
                  "expectedDistance" : "40 to 60px",
                  "realDistance" : "54px"
                } ],
                "highlight" : [ "box" ]
              }, {
                "status" : "info",
                "place" : {
                  "filePath" : "rezervacija.gspec",
                  "lineNumber" : 112
                },
                "name" : "inside daniUSedmiciDiv",
                "meta" : [ ],
                "highlight" : [ "box", "daniUSedmiciDiv" ]
              } ]
            }, {
              "name" : "kal",
              "specs" : [ {
                "status" : "info",
                "place" : {
                  "filePath" : "rezervacija.gspec",
                  "lineNumber" : 114
                },
                "name" : "inside kalendar",
                "meta" : [ ],
                "highlight" : [ "kal", "kalendar" ]
              }, {
                "status" : "info",
                "place" : {
                  "filePath" : "rezervacija.gspec",
                  "lineNumber" : 115
                },
                "name" : "css display is \"grid\"",
                "highlight" : [ "kal" ]
              }, {
                "status" : "info",
                "place" : {
                  "filePath" : "rezervacija.gspec",
                  "lineNumber" : 116
                },
                "name" : "count visible neskriveno_Polje-* is 30",
                "highlight" : [ "neskriveno_Polje-28", "neskriveno_Polje-29", "neskriveno_Polje-26", "neskriveno_Polje-27", "neskriveno_Polje-24", "neskriveno_Polje-25", "neskriveno_Polje-6", "neskriveno_Polje-7", "neskriveno_Polje-8", "neskriveno_Polje-9", "neskriveno_Polje-22", "neskriveno_Polje-23", "neskriveno_Polje-20", "neskriveno_Polje-1", "neskriveno_Polje-21", "neskriveno_Polje-2", "neskriveno_Polje-3", "neskriveno_Polje-4", "neskriveno_Polje-5", "neskriveno_Polje-19", "neskriveno_Polje-17", "neskriveno_Polje-18", "neskriveno_Polje-15", "neskriveno_Polje-16", "neskriveno_Polje-13", "neskriveno_Polje-14", "neskriveno_Polje-11", "neskriveno_Polje-12", "neskriveno_Polje-10", "neskriveno_Polje-30" ]
              } ]
            }, {
              "name" : "skrivenoPolje",
              "specs" : [ {
                "status" : "info",
                "place" : {
                  "filePath" : "rezervacija.gspec",
                  "lineNumber" : 118
                },
                "name" : "css display is \"block\"",
                "highlight" : [ "skrivenoPolje" ]
              } ]
            }, {
              "name" : "neskrivenoPolje",
              "specs" : [ {
                "status" : "info",
                "place" : {
                  "filePath" : "rezervacija.gspec",
                  "lineNumber" : 120
                },
                "name" : "contains slobodna",
                "highlight" : [ "neskrivenoPolje", "slobodna" ]
              } ]
            }, {
              "name" : "zauzeta",
              "specs" : [ {
                "status" : "info",
                "place" : {
                  "filePath" : "rezervacija.gspec",
                  "lineNumber" : 122
                },
                "name" : "inside partly neskrivenoPolje",
                "meta" : [ ],
                "highlight" : [ "zauzeta", "neskrivenoPolje" ]
              }, {
                "status" : "info",
                "place" : {
                  "filePath" : "rezervacija.gspec",
                  "lineNumber" : 123
                },
                "name" : "css background-color is \"rgb(255, 69, 0)\"",
                "highlight" : [ "zauzeta" ]
              } ]
            }, {
              "name" : "slobodna",
              "specs" : [ {
                "status" : "info",
                "place" : {
                  "filePath" : "rezervacija.gspec",
                  "lineNumber" : 125
                },
                "name" : "inside partly neskrivenoPolje",
                "meta" : [ ],
                "highlight" : [ "slobodna", "neskrivenoPolje" ]
              }, {
                "status" : "info",
                "place" : {
                  "filePath" : "rezervacija.gspec",
                  "lineNumber" : 126
                },
                "name" : "css background-color is \"rgb(173, 255, 47)\"",
                "highlight" : [ "slobodna" ]
              } ]
            }, {
              "name" : "pretBtn",
              "specs" : [ {
                "status" : "info",
                "place" : {
                  "filePath" : "rezervacija.gspec",
                  "lineNumber" : 128
                },
                "name" : "inside sadrzaj",
                "meta" : [ ],
                "highlight" : [ "pretBtn", "sadrzaj" ]
              }, {
                "status" : "info",
                "place" : {
                  "filePath" : "rezervacija.gspec",
                  "lineNumber" : 129
                },
                "name" : "below kal",
                "meta" : [ {
                  "from" : {
                    "object" : "pretBtn",
                    "edge" : "top"
                  },
                  "to" : {
                    "object" : "kal",
                    "edge" : "bottom"
                  },
                  "expectedDistance" : ">= 0px",
                  "realDistance" : "22px"
                } ],
                "highlight" : [ "pretBtn", "kal" ]
              }, {
                "status" : "info",
                "place" : {
                  "filePath" : "rezervacija.gspec",
                  "lineNumber" : 130
                },
                "name" : "left-of sljedBtn",
                "meta" : [ {
                  "from" : {
                    "object" : "pretBtn",
                    "edge" : "right"
                  },
                  "to" : {
                    "object" : "sljedBtn",
                    "edge" : "left"
                  },
                  "expectedDistance" : ">= 0px",
                  "realDistance" : "440px"
                } ],
                "highlight" : [ "pretBtn", "sljedBtn" ]
              }, {
                "status" : "info",
                "place" : {
                  "filePath" : "rezervacija.gspec",
                  "lineNumber" : 131
                },
                "name" : "width 100 px",
                "meta" : [ {
                  "from" : {
                    "object" : "pretBtn",
                    "edge" : "left"
                  },
                  "to" : {
                    "object" : "pretBtn",
                    "edge" : "right"
                  },
                  "expectedDistance" : "100px",
                  "realDistance" : "100px"
                } ],
                "highlight" : [ "pretBtn" ]
              }, {
                "status" : "info",
                "place" : {
                  "filePath" : "rezervacija.gspec",
                  "lineNumber" : 132
                },
                "name" : "height 50 px",
                "meta" : [ {
                  "from" : {
                    "object" : "pretBtn",
                    "edge" : "top"
                  },
                  "to" : {
                    "object" : "pretBtn",
                    "edge" : "bottom"
                  },
                  "expectedDistance" : "50px",
                  "realDistance" : "50px"
                } ],
                "highlight" : [ "pretBtn" ]
              } ]
            }, {
              "name" : "sljedBtn",
              "specs" : [ {
                "status" : "info",
                "place" : {
                  "filePath" : "rezervacija.gspec",
                  "lineNumber" : 134
                },
                "name" : "inside sadrzaj",
                "meta" : [ ],
                "highlight" : [ "sljedBtn", "sadrzaj" ]
              }, {
                "status" : "info",
                "place" : {
                  "filePath" : "rezervacija.gspec",
                  "lineNumber" : 135
                },
                "name" : "below kal",
                "meta" : [ {
                  "from" : {
                    "object" : "sljedBtn",
                    "edge" : "top"
                  },
                  "to" : {
                    "object" : "kal",
                    "edge" : "bottom"
                  },
                  "expectedDistance" : ">= 0px",
                  "realDistance" : "22px"
                } ],
                "highlight" : [ "sljedBtn", "kal" ]
              }, {
                "status" : "info",
                "place" : {
                  "filePath" : "rezervacija.gspec",
                  "lineNumber" : 136
                },
                "name" : "width 100 px",
                "meta" : [ {
                  "from" : {
                    "object" : "sljedBtn",
                    "edge" : "left"
                  },
                  "to" : {
                    "object" : "sljedBtn",
                    "edge" : "right"
                  },
                  "expectedDistance" : "100px",
                  "realDistance" : "100px"
                } ],
                "highlight" : [ "sljedBtn" ]
              }, {
                "status" : "info",
                "place" : {
                  "filePath" : "rezervacija.gspec",
                  "lineNumber" : 137
                },
                "name" : "height 50 px",
                "meta" : [ {
                  "from" : {
                    "object" : "sljedBtn",
                    "edge" : "top"
                  },
                  "to" : {
                    "object" : "sljedBtn",
                    "edge" : "bottom"
                  },
                  "expectedDistance" : "50px",
                  "realDistance" : "50px"
                } ],
                "highlight" : [ "sljedBtn" ]
              } ]
            }, {
              "name" : "dugmadi",
              "specs" : [ {
                "status" : "info",
                "place" : {
                  "filePath" : "rezervacija.gspec",
                  "lineNumber" : 139
                },
                "name" : "below kal",
                "meta" : [ {
                  "from" : {
                    "object" : "dugmadi",
                    "edge" : "top"
                  },
                  "to" : {
                    "object" : "kal",
                    "edge" : "bottom"
                  },
                  "expectedDistance" : ">= 0px",
                  "realDistance" : "12px"
                } ],
                "highlight" : [ "dugmadi", "kal" ]
              } ]
            } ]
          } ],
          "objects" : {
            "slika" : {
              "area" : [ 471, 15, 70, 70 ]
            },
            "neskriveno_Polje-28" : {
              "area" : [ 478, 539, 54, 39 ]
            },
            "neskriveno_Polje-29" : {
              "area" : [ 569, 539, 54, 39 ]
            },
            "neskriveno_Polje-26" : {
              "area" : [ 297, 539, 54, 39 ]
            },
            "neskriveno_Polje-27" : {
              "area" : [ 388, 539, 54, 39 ]
            },
            "neskriveno_Polje-24" : {
              "area" : [ 751, 484, 54, 39 ]
            },
            "neskriveno_Polje-25" : {
              "area" : [ 206, 539, 54, 39 ]
            },
            "screen" : {
              "area" : [ 0, 0, 1012, 687 ]
            },
            "imeMjesecaText" : {
              "area" : [ 188, 226, 133, 30 ]
            },
            "neskriveno_Polje-22" : {
              "area" : [ 569, 484, 54, 39 ]
            },
            "logo" : {
              "area" : [ 471, 15, 70, 70 ]
            },
            "neskriveno_Polje-23" : {
              "area" : [ 660, 484, 54, 39 ]
            },
            "neskriveno_Polje-20" : {
              "area" : [ 388, 484, 54, 39 ]
            },
            "neskriveno_Polje-21" : {
              "area" : [ 478, 484, 54, 39 ]
            },
            "boxText-7" : {
              "area" : [ 753, 279, 50, 18 ]
            },
            "boxText-6" : {
              "area" : [ 662, 279, 50, 18 ]
            },
            "boxText-5" : {
              "area" : [ 571, 279, 50, 18 ]
            },
            "lista" : {
              "area" : [ 232, 173, 43, 18 ]
            },
            "neskriveno_Polje-19" : {
              "area" : [ 297, 484, 54, 39 ]
            },
            "neskriveno_Polje-17" : {
              "area" : [ 751, 429, 54, 39 ]
            },
            "neskriveno_Polje-18" : {
              "area" : [ 206, 484, 54, 39 ]
            },
            "neskriveno_Polje-15" : {
              "area" : [ 569, 429, 54, 39 ]
            },
            "labeli" : {
              "area" : [ 176, 163, 56, 37 ]
            },
            "neskriveno_Polje-16" : {
              "area" : [ 660, 429, 54, 39 ]
            },
            "neskriveno_Polje-13" : {
              "area" : [ 388, 429, 54, 39 ]
            },
            "neskriveno_Polje-14" : {
              "area" : [ 478, 429, 54, 39 ]
            },
            "list_item-2" : {
              "area" : [ 265, 120, 27, 17 ]
            },
            "list_item-3" : {
              "area" : [ 317, 120, 33, 17 ]
            },
            "list_item-4" : {
              "area" : [ 374, 120, 75, 17 ]
            },
            "list_item-5" : {
              "area" : [ 474, 120, 40, 17 ]
            },
            "daniUSedmiciDiv" : {
              "area" : [ 188, 277, 636, 34 ]
            },
            "skrivenoPolje" : {
              "area" : [ 196, 319, 74, 39 ]
            },
            "pocetakInput" : {
              "area" : [ 467, 175, 132, 18 ]
            },
            "neskriveno_Polje-11" : {
              "area" : [ 206, 429, 54, 39 ]
            },
            "checkBox" : {
              "area" : [ 371, 174, 13, 13 ]
            },
            "neskriveno_Polje-12" : {
              "area" : [ 297, 429, 54, 39 ]
            },
            "neskriveno_Polje-10" : {
              "area" : [ 751, 374, 54, 39 ]
            },
            "box" : {
              "area" : [ 206, 277, 54, 22 ]
            },
            "podaci" : {
              "area" : [ 176, 173, 660, 20 ]
            },
            "sljedBtn" : {
              "area" : [ 726, 608, 100, 50 ]
            },
            "neskriveno_Polje-6" : {
              "area" : [ 388, 374, 54, 39 ]
            },
            "neskriveno_Polje-7" : {
              "area" : [ 478, 374, 54, 39 ]
            },
            "neskriveno_Polje-8" : {
              "area" : [ 569, 374, 54, 39 ]
            },
            "neskriveno_Polje-9" : {
              "area" : [ 660, 374, 54, 39 ]
            },
            "kal" : {
              "area" : [ 188, 311, 636, 275 ]
            },
            "neskriveno_Polje-1" : {
              "area" : [ 569, 319, 54, 39 ]
            },
            "neskriveno_Polje-2" : {
              "area" : [ 660, 319, 54, 39 ]
            },
            "neskriveno_Polje-3" : {
              "area" : [ 751, 319, 54, 39 ]
            },
            "neskrivenoPolje" : {
              "area" : [ 569, 319, 54, 39 ]
            },
            "kalendar" : {
              "area" : [ 186, 213, 640, 375 ]
            },
            "neskriveno_Polje-4" : {
              "area" : [ 206, 374, 54, 39 ]
            },
            "neskriveno_Polje-5" : {
              "area" : [ 297, 374, 54, 39 ]
            },
            "meni" : {
              "area" : [ 166, 50, 680, 98 ]
            },
            "opcija-4" : {
              "area" : [ 234, 222, 43, 16 ]
            },
            "boxText-4" : {
              "area" : [ 480, 279, 50, 18 ]
            },
            "opcija-3" : {
              "area" : [ 234, 206, 43, 16 ]
            },
            "boxText-3" : {
              "area" : [ 390, 279, 50, 18 ]
            },
            "boxText-2" : {
              "area" : [ 299, 279, 50, 18 ]
            },
            "opcija-5" : {
              "area" : [ 234, 238, 43, 16 ]
            },
            "boxText-1" : {
              "area" : [ 208, 279, 50, 18 ]
            },
            "opcija-2" : {
              "area" : [ 234, 190, 43, 16 ]
            },
            "opcija-1" : {
              "area" : [ 234, 174, 43, 16 ]
            },
            "imeMjeseca" : {
              "area" : [ 188, 225, 636, 32 ]
            },
            "krajInput" : {
              "area" : [ 660, 175, 132, 18 ]
            },
            "pretBtn" : {
              "area" : [ 186, 608, 100, 50 ]
            },
            "sadrzaj" : {
              "area" : [ 166, 158, 680, 520 ]
            },
            "zauzeta" : {
              "area" : [ 299, 394, 50, 17 ]
            },
            "glavni" : {
              "area" : [ 166, 0, 680, 678 ]
            },
            "dugmadi" : {
              "area" : [ 176, 598, 660, 70 ]
            },
            "li" : {
              "area" : [ 181, 110, 70, 37 ]
            },
            "neskriveno_Polje-30" : {
              "area" : [ 660, 539, 54, 39 ]
            },
            "slobodna" : {
              "area" : [ 571, 339, 50, 17 ]
            }
          },
          "screenshot" : "layout-1-screenshot.png",
          "type" : "layout"
        } ],
        "time" : 1573653136906,
        "type" : "node"
      } ],
      "time" : 1573653133473,
      "type" : "node"
    } ]
  }
}