{
  "testId" : "1-unos.gspec",
  "name" : "unos.gspec",
  "report" : {
    "nodes" : [ {
      "name" : "Simple check",
      "status" : "info",
      "nodes" : [ {
        "name" : "check  unos.gspec --url http://localhost/unos.html --size 1024x768 --htmlreport izvjestaji",
        "status" : "info",
        "nodes" : [ {
          "name" : "Check layout: unos.gspec included tags: ",
          "status" : "info",
          "time" : 1573663260058,
          "sections" : [ {
            "name" : "Header section",
            "place" : {
              "filePath" : "unos.gspec",
              "lineNumber" : 24
            },
            "objects" : [ {
              "name" : "glavni",
              "specs" : [ {
                "status" : "info",
                "place" : {
                  "filePath" : "unos.gspec",
                  "lineNumber" : 26
                },
                "name" : "width 30 to 100 % of screen/width",
                "meta" : [ {
                  "from" : {
                    "object" : "glavni",
                    "edge" : "left"
                  },
                  "to" : {
                    "object" : "glavni",
                    "edge" : "right"
                  },
                  "expectedDistance" : "30 to 100% [303 to 1012px]",
                  "realDistance" : "100% [1012px]"
                } ],
                "highlight" : [ "glavni" ]
              } ]
            }, {
              "name" : "meni",
              "specs" : [ {
                "status" : "info",
                "place" : {
                  "filePath" : "unos.gspec",
                  "lineNumber" : 28
                },
                "name" : "width 95 to 100 % of glavni/width",
                "meta" : [ {
                  "from" : {
                    "object" : "meni",
                    "edge" : "left"
                  },
                  "to" : {
                    "object" : "meni",
                    "edge" : "right"
                  },
                  "expectedDistance" : "95 to 100% [961 to 1012px]",
                  "realDistance" : "100% [1012px]"
                } ],
                "highlight" : [ "meni" ]
              }, {
                "status" : "info",
                "place" : {
                  "filePath" : "unos.gspec",
                  "lineNumber" : 29
                },
                "name" : "inside screen 50px top",
                "meta" : [ {
                  "from" : {
                    "object" : "meni",
                    "edge" : "top"
                  },
                  "to" : {
                    "object" : "screen",
                    "edge" : "top"
                  },
                  "expectedDistance" : "50px",
                  "realDistance" : "50px"
                } ],
                "highlight" : [ "meni", "screen" ]
              }, {
                "status" : "info",
                "place" : {
                  "filePath" : "unos.gspec",
                  "lineNumber" : 30
                },
                "name" : "above sadrzaj 10px",
                "meta" : [ {
                  "from" : {
                    "object" : "meni",
                    "edge" : "bottom"
                  },
                  "to" : {
                    "object" : "sadrzaj",
                    "edge" : "top"
                  },
                  "expectedDistance" : "10px",
                  "realDistance" : "10px"
                } ],
                "highlight" : [ "meni", "sadrzaj" ]
              } ]
            }, {
              "name" : "li",
              "specs" : [ {
                "status" : "info",
                "place" : {
                  "filePath" : "unos.gspec",
                  "lineNumber" : 32
                },
                "name" : "css display is \"inline\"",
                "highlight" : [ "li" ]
              }, {
                "status" : "info",
                "place" : {
                  "filePath" : "unos.gspec",
                  "lineNumber" : 43
                },
                "name" : "css list-style-type is \"none\"",
                "highlight" : [ "li" ]
              } ]
            }, {
              "name" : "list_item-2",
              "specs" : [ {
                "status" : "info",
                "place" : {
                  "filePath" : "unos.gspec",
                  "lineNumber" : 34
                },
                "name" : "text contains \"Sale\"",
                "highlight" : [ "list_item-2" ]
              } ]
            }, {
              "name" : "list_item-3",
              "specs" : [ {
                "status" : "info",
                "place" : {
                  "filePath" : "unos.gspec",
                  "lineNumber" : 36
                },
                "name" : "css text-decoration-line is \"none\"",
                "highlight" : [ "list_item-3" ]
              }, {
                "status" : "info",
                "place" : {
                  "filePath" : "unos.gspec",
                  "lineNumber" : 37
                },
                "name" : "text contains \"Unos\"",
                "highlight" : [ "list_item-3" ]
              } ]
            }, {
              "name" : "list_item-4",
              "specs" : [ {
                "status" : "info",
                "place" : {
                  "filePath" : "unos.gspec",
                  "lineNumber" : 39
                },
                "name" : "text contains \"Rezervacije\"",
                "highlight" : [ "list_item-4" ]
              } ]
            }, {
              "name" : "list_item-5",
              "specs" : [ {
                "status" : "info",
                "place" : {
                  "filePath" : "unos.gspec",
                  "lineNumber" : 41
                },
                "name" : "text contains \"Osobe\"",
                "highlight" : [ "list_item-5" ]
              } ]
            }, {
              "name" : "logo",
              "specs" : [ {
                "status" : "info",
                "place" : {
                  "filePath" : "unos.gspec",
                  "lineNumber" : 45
                },
                "name" : "width 70px",
                "meta" : [ {
                  "from" : {
                    "object" : "logo",
                    "edge" : "left"
                  },
                  "to" : {
                    "object" : "logo",
                    "edge" : "right"
                  },
                  "expectedDistance" : "70px",
                  "realDistance" : "70px"
                } ],
                "highlight" : [ "logo" ]
              }, {
                "status" : "info",
                "place" : {
                  "filePath" : "unos.gspec",
                  "lineNumber" : 46
                },
                "name" : "height 70px",
                "meta" : [ {
                  "from" : {
                    "object" : "logo",
                    "edge" : "top"
                  },
                  "to" : {
                    "object" : "logo",
                    "edge" : "bottom"
                  },
                  "expectedDistance" : "70px",
                  "realDistance" : "70px"
                } ],
                "highlight" : [ "logo" ]
              }, {
                "status" : "info",
                "place" : {
                  "filePath" : "unos.gspec",
                  "lineNumber" : 47
                },
                "name" : "inside partly meni -35px top",
                "meta" : [ {
                  "from" : {
                    "object" : "logo",
                    "edge" : "top"
                  },
                  "to" : {
                    "object" : "meni",
                    "edge" : "top"
                  },
                  "expectedDistance" : "-35px",
                  "realDistance" : "-35px"
                } ],
                "highlight" : [ "logo", "meni" ]
              } ]
            }, {
              "name" : "slika",
              "specs" : [ {
                "status" : "info",
                "place" : {
                  "filePath" : "unos.gspec",
                  "lineNumber" : 49
                },
                "name" : "inside partly logo",
                "meta" : [ ],
                "highlight" : [ "slika", "logo" ]
              } ]
            }, {
              "name" : "comments",
              "specs" : [ {
                "status" : "info",
                "place" : {
                  "filePath" : "unos.gspec",
                  "lineNumber" : 51
                },
                "name" : "absent",
                "highlight" : [ ]
              } ]
            } ]
          }, {
            "name" : "Main section",
            "place" : {
              "filePath" : "unos.gspec",
              "lineNumber" : 52
            },
            "objects" : [ {
              "name" : "sadrzaj",
              "specs" : [ {
                "status" : "info",
                "place" : {
                  "filePath" : "unos.gspec",
                  "lineNumber" : 54
                },
                "name" : "width 100% of glavni/width",
                "meta" : [ {
                  "from" : {
                    "object" : "sadrzaj",
                    "edge" : "left"
                  },
                  "to" : {
                    "object" : "sadrzaj",
                    "edge" : "right"
                  },
                  "expectedDistance" : "100% [1012px]",
                  "realDistance" : "100% [1012px]"
                } ],
                "highlight" : [ "sadrzaj" ]
              }, {
                "status" : "info",
                "place" : {
                  "filePath" : "unos.gspec",
                  "lineNumber" : 55
                },
                "name" : "css background-color is \"rgb(100, 149, 237)\"",
                "highlight" : [ "sadrzaj" ]
              } ]
            }, {
              "name" : "label",
              "specs" : [ {
                "status" : "info",
                "place" : {
                  "filePath" : "unos.gspec",
                  "lineNumber" : 57
                },
                "name" : "width 100 to 200 px",
                "meta" : [ {
                  "from" : {
                    "object" : "label",
                    "edge" : "left"
                  },
                  "to" : {
                    "object" : "label",
                    "edge" : "right"
                  },
                  "expectedDistance" : "100 to 200px",
                  "realDistance" : "170px"
                } ],
                "highlight" : [ "label" ]
              }, {
                "status" : "info",
                "place" : {
                  "filePath" : "unos.gspec",
                  "lineNumber" : 58
                },
                "name" : "css text-align is \"left\"",
                "highlight" : [ "label" ]
              } ]
            }, {
              "name" : "forma",
              "specs" : [ {
                "status" : "info",
                "place" : {
                  "filePath" : "unos.gspec",
                  "lineNumber" : 60
                },
                "name" : "width 90 to 100% of sadrzaj/width",
                "meta" : [ {
                  "from" : {
                    "object" : "forma",
                    "edge" : "left"
                  },
                  "to" : {
                    "object" : "forma",
                    "edge" : "right"
                  },
                  "expectedDistance" : "90 to 100% [910 to 1012px]",
                  "realDistance" : "98% [992px]"
                } ],
                "highlight" : [ "forma" ]
              }, {
                "status" : "info",
                "place" : {
                  "filePath" : "unos.gspec",
                  "lineNumber" : 61
                },
                "name" : "css text-align is \"center\"",
                "highlight" : [ "forma" ]
              } ]
            }, {
              "name" : "naziv",
              "specs" : [ {
                "status" : "info",
                "place" : {
                  "filePath" : "unos.gspec",
                  "lineNumber" : 63
                },
                "name" : "width 100 to 200 px",
                "meta" : [ {
                  "from" : {
                    "object" : "naziv",
                    "edge" : "left"
                  },
                  "to" : {
                    "object" : "naziv",
                    "edge" : "right"
                  },
                  "expectedDistance" : "100 to 200px",
                  "realDistance" : "143px"
                } ],
                "highlight" : [ "naziv" ]
              } ]
            }, {
              "name" : "brojMjesta",
              "specs" : [ {
                "status" : "info",
                "place" : {
                  "filePath" : "unos.gspec",
                  "lineNumber" : 65
                },
                "name" : "width 100 to 200 px",
                "meta" : [ {
                  "from" : {
                    "object" : "brojMjesta",
                    "edge" : "left"
                  },
                  "to" : {
                    "object" : "brojMjesta",
                    "edge" : "right"
                  },
                  "expectedDistance" : "100 to 200px",
                  "realDistance" : "142px"
                } ],
                "highlight" : [ "brojMjesta" ]
              }, {
                "status" : "info",
                "place" : {
                  "filePath" : "unos.gspec",
                  "lineNumber" : 66
                },
                "name" : "below naziv",
                "meta" : [ {
                  "from" : {
                    "object" : "brojMjesta",
                    "edge" : "top"
                  },
                  "to" : {
                    "object" : "naziv",
                    "edge" : "bottom"
                  },
                  "expectedDistance" : ">= 0px",
                  "realDistance" : "20px"
                } ],
                "highlight" : [ "brojMjesta", "naziv" ]
              } ]
            }, {
              "name" : "odgovornaOsoba",
              "specs" : [ {
                "status" : "info",
                "place" : {
                  "filePath" : "unos.gspec",
                  "lineNumber" : 68
                },
                "name" : "width 100 to 200 px",
                "meta" : [ {
                  "from" : {
                    "object" : "odgovornaOsoba",
                    "edge" : "left"
                  },
                  "to" : {
                    "object" : "odgovornaOsoba",
                    "edge" : "right"
                  },
                  "expectedDistance" : "100 to 200px",
                  "realDistance" : "143px"
                } ],
                "highlight" : [ "odgovornaOsoba" ]
              }, {
                "status" : "info",
                "place" : {
                  "filePath" : "unos.gspec",
                  "lineNumber" : 69
                },
                "name" : "below brojMjesta",
                "meta" : [ {
                  "from" : {
                    "object" : "odgovornaOsoba",
                    "edge" : "top"
                  },
                  "to" : {
                    "object" : "brojMjesta",
                    "edge" : "bottom"
                  },
                  "expectedDistance" : ">= 0px",
                  "realDistance" : "20px"
                } ],
                "highlight" : [ "odgovornaOsoba", "brojMjesta" ]
              } ]
            }, {
              "name" : "sprat",
              "specs" : [ {
                "status" : "info",
                "place" : {
                  "filePath" : "unos.gspec",
                  "lineNumber" : 71
                },
                "name" : "width 100 to 200 px",
                "meta" : [ {
                  "from" : {
                    "object" : "sprat",
                    "edge" : "left"
                  },
                  "to" : {
                    "object" : "sprat",
                    "edge" : "right"
                  },
                  "expectedDistance" : "100 to 200px",
                  "realDistance" : "143px"
                } ],
                "highlight" : [ "sprat" ]
              }, {
                "status" : "info",
                "place" : {
                  "filePath" : "unos.gspec",
                  "lineNumber" : 72
                },
                "name" : "below odgovornaOsoba",
                "meta" : [ {
                  "from" : {
                    "object" : "sprat",
                    "edge" : "top"
                  },
                  "to" : {
                    "object" : "odgovornaOsoba",
                    "edge" : "bottom"
                  },
                  "expectedDistance" : ">= 0px",
                  "realDistance" : "20px"
                } ],
                "highlight" : [ "sprat", "odgovornaOsoba" ]
              } ]
            }, {
              "name" : "unos",
              "specs" : [ {
                "status" : "info",
                "place" : {
                  "filePath" : "unos.gspec",
                  "lineNumber" : 74
                },
                "name" : "width 30 to 100px",
                "meta" : [ {
                  "from" : {
                    "object" : "unos",
                    "edge" : "left"
                  },
                  "to" : {
                    "object" : "unos",
                    "edge" : "right"
                  },
                  "expectedDistance" : "30 to 100px",
                  "realDistance" : "84px"
                } ],
                "highlight" : [ "unos" ]
              }, {
                "status" : "info",
                "place" : {
                  "filePath" : "unos.gspec",
                  "lineNumber" : 75
                },
                "name" : "below sprat",
                "meta" : [ {
                  "from" : {
                    "object" : "unos",
                    "edge" : "top"
                  },
                  "to" : {
                    "object" : "sprat",
                    "edge" : "bottom"
                  },
                  "expectedDistance" : ">= 0px",
                  "realDistance" : "18px"
                } ],
                "highlight" : [ "unos", "sprat" ]
              } ]
            }, {
              "name" : "labelNaziv",
              "specs" : [ {
                "status" : "info",
                "place" : {
                  "filePath" : "unos.gspec",
                  "lineNumber" : 77
                },
                "name" : "left-of naziv",
                "meta" : [ {
                  "from" : {
                    "object" : "labelNaziv",
                    "edge" : "right"
                  },
                  "to" : {
                    "object" : "naziv",
                    "edge" : "left"
                  },
                  "expectedDistance" : ">= 0px",
                  "realDistance" : "4px"
                } ],
                "highlight" : [ "labelNaziv", "naziv" ]
              } ]
            }, {
              "name" : "labelBrojMjesta",
              "specs" : [ {
                "status" : "info",
                "place" : {
                  "filePath" : "unos.gspec",
                  "lineNumber" : 79
                },
                "name" : "left-of brojMjesta",
                "meta" : [ {
                  "from" : {
                    "object" : "labelBrojMjesta",
                    "edge" : "right"
                  },
                  "to" : {
                    "object" : "brojMjesta",
                    "edge" : "left"
                  },
                  "expectedDistance" : ">= 0px",
                  "realDistance" : "4px"
                } ],
                "highlight" : [ "labelBrojMjesta", "brojMjesta" ]
              } ]
            }, {
              "name" : "labelOdgovornaOsoba",
              "specs" : [ {
                "status" : "info",
                "place" : {
                  "filePath" : "unos.gspec",
                  "lineNumber" : 81
                },
                "name" : "left-of odgovornaOsoba",
                "meta" : [ {
                  "from" : {
                    "object" : "labelOdgovornaOsoba",
                    "edge" : "right"
                  },
                  "to" : {
                    "object" : "odgovornaOsoba",
                    "edge" : "left"
                  },
                  "expectedDistance" : ">= 0px",
                  "realDistance" : "4px"
                } ],
                "highlight" : [ "labelOdgovornaOsoba", "odgovornaOsoba" ]
              } ]
            }, {
              "name" : "labelSprat",
              "specs" : [ {
                "status" : "info",
                "place" : {
                  "filePath" : "unos.gspec",
                  "lineNumber" : 83
                },
                "name" : "left-of sprat",
                "meta" : [ {
                  "from" : {
                    "object" : "labelSprat",
                    "edge" : "right"
                  },
                  "to" : {
                    "object" : "sprat",
                    "edge" : "left"
                  },
                  "expectedDistance" : ">= 0px",
                  "realDistance" : "4px"
                } ],
                "highlight" : [ "labelSprat", "sprat" ]
              } ]
            }, {
              "name" : "labelUnos",
              "specs" : [ {
                "status" : "info",
                "place" : {
                  "filePath" : "unos.gspec",
                  "lineNumber" : 85
                },
                "name" : "left-of unos",
                "meta" : [ {
                  "from" : {
                    "object" : "labelUnos",
                    "edge" : "right"
                  },
                  "to" : {
                    "object" : "unos",
                    "edge" : "left"
                  },
                  "expectedDistance" : ">= 0px",
                  "realDistance" : "134px"
                } ],
                "highlight" : [ "labelUnos", "unos" ]
              } ]
            } ]
          } ],
          "objects" : {
            "meni" : {
              "area" : [ 0, 50, 1012, 98 ]
            },
            "slika" : {
              "area" : [ 471, 15, 70, 70 ]
            },
            "sprat" : {
              "area" : [ 521, 297, 143, 18 ]
            },
            "naziv" : {
              "area" : [ 521, 183, 143, 18 ]
            },
            "screen" : {
              "area" : [ 0, 0, 1012, 687 ]
            },
            "list_item-2" : {
              "area" : [ 104, 120, 27, 17 ]
            },
            "labelBrojMjesta" : {
              "area" : [ 347, 211, 170, 38 ]
            },
            "list_item-3" : {
              "area" : [ 155, 120, 33, 17 ]
            },
            "list_item-4" : {
              "area" : [ 213, 120, 75, 17 ]
            },
            "label" : {
              "area" : [ 347, 173, 170, 38 ]
            },
            "unos" : {
              "area" : [ 616, 333, 84, 22 ]
            },
            "list_item-5" : {
              "area" : [ 312, 120, 40, 17 ]
            },
            "forma" : {
              "area" : [ 10, 173, 992, 190 ]
            },
            "sadrzaj" : {
              "area" : [ 0, 158, 1012, 215 ]
            },
            "odgovornaOsoba" : {
              "area" : [ 521, 259, 143, 18 ]
            },
            "labelOdgovornaOsoba" : {
              "area" : [ 347, 249, 170, 38 ]
            },
            "labelNaziv" : {
              "area" : [ 347, 173, 170, 38 ]
            },
            "labelUnos" : {
              "area" : [ 312, 325, 170, 38 ]
            },
            "glavni" : {
              "area" : [ 0, 0, 1012, 373 ]
            },
            "labelSprat" : {
              "area" : [ 347, 287, 170, 38 ]
            },
            "logo" : {
              "area" : [ 471, 15, 70, 70 ]
            },
            "brojMjesta" : {
              "area" : [ 521, 221, 142, 18 ]
            },
            "li" : {
              "area" : [ 15, 110, 75, 37 ]
            }
          },
          "screenshot" : "layout-1-screenshot.png",
          "type" : "layout"
        } ],
        "time" : 1573663258532,
        "type" : "node"
      } ],
      "time" : 1573663255709,
      "type" : "node"
    } ]
  }
}