{"periodicna":[{"dan":6,"semestar":"zimski","pocetak":"22:00","kraj":"23:00","naziv":"0-01","predavac":"prof"},{"dan":5,"semestar":"zimski","pocetak":"22:00","kraj":"23:00","naziv":"0-01","predavac":"prof1"},{"dan":3,"semestar":"zimski","pocetak":"22:00","kraj":"23:00","naziv":"0-01","predavac":"prof2"}],"vanredna":[{"datum":"6.12.2019.","pocetak":"08:00","kraj":"22:00","naziv":"0-01","predavac":"HF"},{"datum":"17.12.2019.","pocetak":"08:00","kraj":"22:00","naziv":"0-01","predavac":"HF"},{"datum":"3.12.2019.","pocetak":"08:00","kraj":"22:00","naziv":"0-01","predavac":"HF"},{"datum":"30.12.2019.","pocetak":"08:00","kraj":"22:00","naziv":"0-01","predavac":"HF"},{"datum":"31.12.2019.","pocetak":"08:00","kraj":"22:00","naziv":"0-01","predavac":"HF"},{"datum":"25.12.2019.","pocetak":"08:00","kraj":"22:00","naziv":"0-01","predavac":"HF"},{"datum":"20.12.2019.","pocetak":"08:00","kraj":"22:00","naziv":"0-01","predavac":"HF"},{"datum":"11.12.2019.","pocetak":"08:00","kraj":"22:00","naziv":"0-01","predavac":"HF"},{"datum":"27.12.2019.","pocetak":"08:00","kraj":"22:00","naziv":"0-01","predavac":"HF"},{"datum":"19.12.2019.","pocetak":"08:00","kraj":"22:00","naziv":"0-01","predavac":"HF"},{"datum":"12.12.2019.","pocetak":"08:00","kraj":"22:00","naziv":"0-01","predavac":"HF"},{"datum":"13.12.2019.","pocetak":"08:00","kraj":"22:00","naziv":"0-01","predavac":"HF"},{"datum":"23.12.2019.","pocetak":"08:00","kraj":"22:00","naziv":"0-01","predavac":"HF"},{"datum":"2.12.2019.","pocetak":"08:00","kraj":"22:00","naziv":"0-01","predavac":"HF"},{"datum":"2.12.2019.","pocetak":"22:30","kraj":"22:31","naziv":"0-01","predavac":"JA"},{"datum":"2.12.2019.","pocetak":"22:34","kraj":"22:35","naziv":"0-01","predavac":"JA"},{"datum":"2.12.2019.","pocetak":"22:22","kraj":"22:23","naziv":"0-01","predavac":"JA"},{"datum":"2.12.2019.","pocetak":"22:22","kraj":"22:23","naziv":"0-02","predavac":"JA"},{"datum":"4.12.2019.","pocetak":"22:22","kraj":"22:23","naziv":"0-01","predavac":"JA"},{"datum":"7.12.2019.","pocetak":"08:00","kraj":"23:00","naziv":"0-01","predavac":"HF"},{"datum":"5.12.2019.","pocetak":"08:00","kraj":"23:00","naziv":"0-02","predavac":"HF"},{"datum":"7.12.2019.","pocetak":"09:00","kraj":"10:00","naziv":"0-02","predavac":"HF"},{"datum":"5.12.2019.","pocetak":"09:00","kraj":"10:00","naziv":"0-02","predavac":"HF"},{"datum":"5.12.2019.","pocetak":"09:00","kraj":"10:00","naziv":"0-02","predavac":"HF"},{"datum":"30.12.2019.","pocetak":"09:00","kraj":"23:00","naziv":"0-02","predavac":"HF"},{"datum":"1.12.2019.","pocetak":"09:00","kraj":"23:00","naziv":"MA","predavac":"HF"},{"datum":"7.12.2019.","pocetak":"09:00","kraj":"23:00","naziv":"0-02","predavac":"HF"},{"datum":"26.11.2019.","pocetak":"12:00","kraj":"23:00","naziv":"0-01","predavac":"HF"},{"datum":"29.10.2019.","pocetak":"12:00","kraj":"23:00","naziv":"0-01","predavac":"HF"},{"datum":"23.9.2019.","pocetak":"12:00","kraj":"23:00","naziv":"0-01","predavac":"HF"},{"datum":"29.9.2019.","pocetak":"12:00","kraj":"23:00","naziv":"0-01","predavac":"HF"},{"datum":"19.9.2019.","pocetak":"12:00","kraj":"23:00","naziv":"0-01","predavac":"HF"},{"datum":"14.9.2019.","pocetak":"15:00","kraj":"22:00","naziv":"0-01","predavac":"HF"},{"datum":"6.9.2019.","pocetak":"15:00","kraj":"22:00","naziv":"0-05","predavac":"HF"},{"datum":"21.9.2019.","pocetak":"15:00","kraj":"22:00","naziv":"MA","predavac":"HF"},{"datum":"22.9.2019.","pocetak":"15:00","kraj":"22:00","naziv":"MA","predavac":"HF"},{"datum":"20.9.2019.","pocetak":"15:00","kraj":"22:00","naziv":"VA2","predavac":"HF"},{"datum":"23.12.2019.","pocetak":"15:00","kraj":"22:00","naziv":"VA2","predavac":"HF"},{"datum":"24.12.2019.","pocetak":"15:00","kraj":"22:00","naziv":"VA2","predavac":"HF"},{"datum":"26.11.2019.","pocetak":"15:00","kraj":"22:00","naziv":"VA2","predavac":"HF"},{"datum":"20.11.2019.","pocetak":"15:00","kraj":"22:00","naziv":"VA2","predavac":"HF"},{"datum":"26.11.2019.","pocetak":"10:00","kraj":"13:00","naziv":"VA2","predavac":"HF"},{"datum":"4.12.2019.","pocetak":"10:00","kraj":"23:00","naziv":"1-01","predavac":"HF"},{"datum":"25.6.2019.","pocetak":"20:00","kraj":"23:00","naziv":"0-01","predavac":"HF"},{"datum":"2.12.2019.","pocetak":"08:00","kraj":"09:00","naziv":"1-09","predavac":"HF"}]}