{
  "testId" : "1-sale.gspec",
  "name" : "sale.gspec",
  "report" : {
    "nodes" : [ {
      "name" : "Simple check",
      "status" : "info",
      "nodes" : [ {
        "name" : "check  sale.gspec --url http://localhost/sale.html --size 1366x768 --htmlreport izvjestaj_sale",
        "status" : "info",
        "nodes" : [ {
          "name" : "Check layout: sale.gspec included tags: ",
          "status" : "info",
          "time" : 1573605209393,
          "sections" : [ {
            "name" : "Body section",
            "place" : {
              "filePath" : "sale.gspec",
              "lineNumber" : 9
            },
            "objects" : [ {
              "name" : "header",
              "specs" : [ {
                "status" : "info",
                "place" : {
                  "filePath" : "sale.gspec",
                  "lineNumber" : 11
                },
                "name" : "inside body",
                "meta" : [ ],
                "highlight" : [ "header", "body" ]
              }, {
                "status" : "info",
                "place" : {
                  "filePath" : "sale.gspec",
                  "lineNumber" : 12
                },
                "name" : "above sadrzaj",
                "meta" : [ {
                  "from" : {
                    "object" : "header",
                    "edge" : "bottom"
                  },
                  "to" : {
                    "object" : "sadrzaj",
                    "edge" : "top"
                  },
                  "expectedDistance" : ">= 0px",
                  "realDistance" : "0px"
                } ],
                "highlight" : [ "header", "sadrzaj" ]
              }, {
                "status" : "info",
                "place" : {
                  "filePath" : "sale.gspec",
                  "lineNumber" : 13
                },
                "name" : "width 100 % of body/width",
                "meta" : [ {
                  "from" : {
                    "object" : "header",
                    "edge" : "left"
                  },
                  "to" : {
                    "object" : "header",
                    "edge" : "right"
                  },
                  "expectedDistance" : "100% [1336px]",
                  "realDistance" : "100% [1336px]"
                } ],
                "highlight" : [ "header" ]
              }, {
                "status" : "info",
                "place" : {
                  "filePath" : "sale.gspec",
                  "lineNumber" : 14
                },
                "name" : "height = 90px",
                "meta" : [ {
                  "from" : {
                    "object" : "header",
                    "edge" : "top"
                  },
                  "to" : {
                    "object" : "header",
                    "edge" : "bottom"
                  },
                  "expectedDistance" : "90px",
                  "realDistance" : "90px"
                } ],
                "highlight" : [ "header" ]
              } ]
            }, {
              "name" : "sadrzaj",
              "specs" : [ {
                "status" : "info",
                "place" : {
                  "filePath" : "sale.gspec",
                  "lineNumber" : 17
                },
                "name" : "inside body",
                "meta" : [ ],
                "highlight" : [ "sadrzaj", "body" ]
              }, {
                "status" : "info",
                "place" : {
                  "filePath" : "sale.gspec",
                  "lineNumber" : 18
                },
                "name" : "below header",
                "meta" : [ {
                  "from" : {
                    "object" : "sadrzaj",
                    "edge" : "top"
                  },
                  "to" : {
                    "object" : "header",
                    "edge" : "bottom"
                  },
                  "expectedDistance" : ">= 0px",
                  "realDistance" : "0px"
                } ],
                "highlight" : [ "sadrzaj", "header" ]
              }, {
                "status" : "info",
                "place" : {
                  "filePath" : "sale.gspec",
                  "lineNumber" : 19
                },
                "name" : "width 100 % of body/width",
                "meta" : [ {
                  "from" : {
                    "object" : "sadrzaj",
                    "edge" : "left"
                  },
                  "to" : {
                    "object" : "sadrzaj",
                    "edge" : "right"
                  },
                  "expectedDistance" : "100% [1336px]",
                  "realDistance" : "100% [1336px]"
                } ],
                "highlight" : [ "sadrzaj" ]
              }, {
                "status" : "info",
                "place" : {
                  "filePath" : "sale.gspec",
                  "lineNumber" : 20
                },
                "name" : "height =529px",
                "meta" : [ {
                  "from" : {
                    "object" : "sadrzaj",
                    "edge" : "top"
                  },
                  "to" : {
                    "object" : "sadrzaj",
                    "edge" : "bottom"
                  },
                  "expectedDistance" : "529px",
                  "realDistance" : "529px"
                } ],
                "highlight" : [ "sadrzaj" ]
              } ]
            }, {
              "name" : "tabela",
              "specs" : [ {
                "status" : "info",
                "place" : {
                  "filePath" : "sale.gspec",
                  "lineNumber" : 22
                },
                "name" : "inside sadrzaj 90px top, 449px left, 451px right",
                "meta" : [ {
                  "from" : {
                    "object" : "tabela",
                    "edge" : "top"
                  },
                  "to" : {
                    "object" : "sadrzaj",
                    "edge" : "top"
                  },
                  "expectedDistance" : "90px",
                  "realDistance" : "90px"
                }, {
                  "from" : {
                    "object" : "tabela",
                    "edge" : "left"
                  },
                  "to" : {
                    "object" : "sadrzaj",
                    "edge" : "left"
                  },
                  "expectedDistance" : "449px",
                  "realDistance" : "449px"
                }, {
                  "from" : {
                    "object" : "tabela",
                    "edge" : "right"
                  },
                  "to" : {
                    "object" : "sadrzaj",
                    "edge" : "right"
                  },
                  "expectedDistance" : "451px",
                  "realDistance" : "451px"
                } ],
                "highlight" : [ "tabela", "sadrzaj" ]
              }, {
                "status" : "info",
                "place" : {
                  "filePath" : "sale.gspec",
                  "lineNumber" : 23
                },
                "name" : "width < 40% of sadrzaj/width",
                "meta" : [ {
                  "from" : {
                    "object" : "tabela",
                    "edge" : "left"
                  },
                  "to" : {
                    "object" : "tabela",
                    "edge" : "right"
                  },
                  "expectedDistance" : "< 40% [534px]",
                  "realDistance" : "32% [436px]"
                } ],
                "highlight" : [ "tabela" ]
              }, {
                "status" : "info",
                "place" : {
                  "filePath" : "sale.gspec",
                  "lineNumber" : 24
                },
                "name" : "height = 389px",
                "meta" : [ {
                  "from" : {
                    "object" : "tabela",
                    "edge" : "top"
                  },
                  "to" : {
                    "object" : "tabela",
                    "edge" : "bottom"
                  },
                  "expectedDistance" : "389px",
                  "realDistance" : "389px"
                } ],
                "highlight" : [ "tabela" ]
              } ]
            } ]
          }, {
            "name" : "Header section",
            "place" : {
              "filePath" : "sale.gspec",
              "lineNumber" : 27
            },
            "objects" : [ {
              "name" : "meni",
              "specs" : [ {
                "status" : "info",
                "place" : {
                  "filePath" : "sale.gspec",
                  "lineNumber" : 29
                },
                "name" : "inside header 0px left, 55px top",
                "meta" : [ {
                  "from" : {
                    "object" : "meni",
                    "edge" : "left"
                  },
                  "to" : {
                    "object" : "header",
                    "edge" : "left"
                  },
                  "expectedDistance" : "0px",
                  "realDistance" : "0px"
                }, {
                  "from" : {
                    "object" : "meni",
                    "edge" : "top"
                  },
                  "to" : {
                    "object" : "header",
                    "edge" : "top"
                  },
                  "expectedDistance" : "55px",
                  "realDistance" : "55px"
                } ],
                "highlight" : [ "meni", "header" ]
              }, {
                "status" : "info",
                "place" : {
                  "filePath" : "sale.gspec",
                  "lineNumber" : 30
                },
                "name" : "below logo",
                "meta" : [ {
                  "from" : {
                    "object" : "meni",
                    "edge" : "top"
                  },
                  "to" : {
                    "object" : "logo",
                    "edge" : "bottom"
                  },
                  "expectedDistance" : ">= 0px",
                  "realDistance" : "3px"
                } ],
                "highlight" : [ "meni", "logo" ]
              }, {
                "status" : "info",
                "place" : {
                  "filePath" : "sale.gspec",
                  "lineNumber" : 31
                },
                "name" : "width < 50% of header/width",
                "meta" : [ {
                  "from" : {
                    "object" : "meni",
                    "edge" : "left"
                  },
                  "to" : {
                    "object" : "meni",
                    "edge" : "right"
                  },
                  "expectedDistance" : "< 50% [668px]",
                  "realDistance" : "36% [487px]"
                } ],
                "highlight" : [ "meni" ]
              } ]
            }, {
              "name" : "logo",
              "specs" : [ {
                "status" : "info",
                "place" : {
                  "filePath" : "sale.gspec",
                  "lineNumber" : 35
                },
                "name" : "inside partly header -51px top",
                "meta" : [ {
                  "from" : {
                    "object" : "logo",
                    "edge" : "top"
                  },
                  "to" : {
                    "object" : "header",
                    "edge" : "top"
                  },
                  "expectedDistance" : "-51px",
                  "realDistance" : "-51px"
                } ],
                "highlight" : [ "logo", "header" ]
              }, {
                "status" : "info",
                "place" : {
                  "filePath" : "sale.gspec",
                  "lineNumber" : 36
                },
                "name" : "above meni",
                "meta" : [ {
                  "from" : {
                    "object" : "logo",
                    "edge" : "bottom"
                  },
                  "to" : {
                    "object" : "meni",
                    "edge" : "top"
                  },
                  "expectedDistance" : ">= 0px",
                  "realDistance" : "3px"
                } ],
                "highlight" : [ "logo", "meni" ]
              }, {
                "status" : "info",
                "place" : {
                  "filePath" : "sale.gspec",
                  "lineNumber" : 37
                },
                "name" : "height > 50px",
                "meta" : [ {
                  "from" : {
                    "object" : "logo",
                    "edge" : "top"
                  },
                  "to" : {
                    "object" : "logo",
                    "edge" : "bottom"
                  },
                  "expectedDistance" : "> 50px",
                  "realDistance" : "103px"
                } ],
                "highlight" : [ "logo" ]
              }, {
                "status" : "info",
                "place" : {
                  "filePath" : "sale.gspec",
                  "lineNumber" : 38
                },
                "name" : "width = 100px",
                "meta" : [ {
                  "from" : {
                    "object" : "logo",
                    "edge" : "left"
                  },
                  "to" : {
                    "object" : "logo",
                    "edge" : "right"
                  },
                  "expectedDistance" : "100px",
                  "realDistance" : "100px"
                } ],
                "highlight" : [ "logo" ]
              } ]
            } ]
          } ],
          "objects" : {
            "meni" : {
              "area" : [ 8, 106, 487, 22 ]
            },
            "tabela" : {
              "area" : [ 457, 231, 436, 389 ]
            },
            "header" : {
              "area" : [ 8, 51, 1336, 90 ]
            },
            "logo" : {
              "area" : [ 626, 0, 100, 103 ]
            },
            "body" : {
              "area" : [ 8, 8, 1336, 662 ]
            },
            "sadrzaj" : {
              "area" : [ 8, 141, 1336, 529 ]
            }
          },
          "screenshot" : "layout-1-screenshot.png",
          "type" : "layout"
        } ],
        "time" : 1573605204356,
        "type" : "node"
      } ],
      "time" : 1573605191950,
      "type" : "node"
    } ]
  }
}