{
  "testId" : "1-pocetna1200.gspec",
  "name" : "pocetna1200.gspec",
  "report" : {
    "nodes" : [ {
      "name" : "Simple check",
      "status" : "info",
      "nodes" : [ {
        "name" : "check  pocetna1200.gspec --url http://localhost/html/pocetna.html --size 1200x768 --htmlreport izvjestajiPocetna1200",
        "status" : "info",
        "nodes" : [ {
          "name" : "Check layout: pocetna1200.gspec included tags: ",
          "status" : "info",
          "time" : 1573658000355,
          "sections" : [ {
            "name" : "Meni section",
            "place" : {
              "filePath" : "meni.gspec",
              "lineNumber" : 15
            },
            "objects" : [ {
              "name" : "menu",
              "specs" : [ {
                "status" : "info",
                "place" : {
                  "filePath" : "meni.gspec",
                  "lineNumber" : 18
                },
                "name" : "width ~98 % of screen/width",
                "meta" : [ {
                  "from" : {
                    "object" : "menu",
                    "edge" : "left"
                  },
                  "to" : {
                    "object" : "menu",
                    "edge" : "right"
                  },
                  "expectedDistance" : "96 to 100% [1123 to 1170px]",
                  "realDistance" : "98% [1154px]"
                } ],
                "highlight" : [ "menu" ]
              }, {
                "status" : "info",
                "place" : {
                  "filePath" : "meni.gspec",
                  "lineNumber" : 19
                },
                "name" : "contains menu_item-*",
                "highlight" : [ "menu", "menu_item-1", "menu_item-2", "menu_item-3", "menu_item-4", "menu_item-5" ]
              }, {
                "status" : "info",
                "place" : {
                  "filePath" : "meni.gspec",
                  "lineNumber" : 20
                },
                "name" : "contains partly logo",
                "highlight" : [ "menu", "logo" ]
              } ]
            }, {
              "name" : "logo",
              "specs" : [ {
                "status" : "info",
                "place" : {
                  "filePath" : "meni.gspec",
                  "lineNumber" : 23
                },
                "name" : "inside menu",
                "meta" : [ ],
                "highlight" : [ "logo", "menu" ]
              } ]
            }, {
              "name" : "menu_item-1",
              "specs" : [ {
                "status" : "info",
                "place" : {
                  "filePath" : "meni.gspec",
                  "lineNumber" : 27
                },
                "name" : "aligned horizontally all menu_item-2",
                "highlight" : [ "menu_item-1", "menu_item-2" ]
              }, {
                "status" : "info",
                "place" : {
                  "filePath" : "meni.gspec",
                  "lineNumber" : 31
                },
                "name" : "text is \"Po�?etna\"",
                "highlight" : [ "menu_item-1" ]
              } ]
            }, {
              "name" : "menu_item-2",
              "specs" : [ {
                "status" : "info",
                "place" : {
                  "filePath" : "meni.gspec",
                  "lineNumber" : 27
                },
                "name" : "aligned horizontally all menu_item-3",
                "highlight" : [ "menu_item-2", "menu_item-3" ]
              }, {
                "status" : "info",
                "place" : {
                  "filePath" : "meni.gspec",
                  "lineNumber" : 31
                },
                "name" : "text is \"Sale\"",
                "highlight" : [ "menu_item-2" ]
              } ]
            }, {
              "name" : "menu_item-3",
              "specs" : [ {
                "status" : "info",
                "place" : {
                  "filePath" : "meni.gspec",
                  "lineNumber" : 27
                },
                "name" : "aligned horizontally all menu_item-4",
                "highlight" : [ "menu_item-3", "menu_item-4" ]
              }, {
                "status" : "info",
                "place" : {
                  "filePath" : "meni.gspec",
                  "lineNumber" : 31
                },
                "name" : "text is \"Unos\"",
                "highlight" : [ "menu_item-3" ]
              } ]
            }, {
              "name" : "menu_item-4",
              "specs" : [ {
                "status" : "info",
                "place" : {
                  "filePath" : "meni.gspec",
                  "lineNumber" : 27
                },
                "name" : "aligned horizontally all menu_item-5",
                "highlight" : [ "menu_item-4", "menu_item-5" ]
              }, {
                "status" : "info",
                "place" : {
                  "filePath" : "meni.gspec",
                  "lineNumber" : 31
                },
                "name" : "text is \"Rezervacije\"",
                "highlight" : [ "menu_item-4" ]
              } ]
            }, {
              "name" : "menu_item-5",
              "specs" : [ {
                "status" : "info",
                "place" : {
                  "filePath" : "meni.gspec",
                  "lineNumber" : 31
                },
                "name" : "text is \"Osobe\"",
                "highlight" : [ "menu_item-5" ]
              } ]
            }, {
              "name" : "stavka",
              "specs" : [ {
                "status" : "info",
                "place" : {
                  "filePath" : "meni.gspec",
                  "lineNumber" : 34
                },
                "name" : "css display is \"inline\"",
                "highlight" : [ "stavka" ]
              } ]
            }, {
              "name" : "image-1",
              "specs" : [ {
                "status" : "info",
                "place" : {
                  "filePath" : "pocetna1200.gspec",
                  "lineNumber" : 13
                },
                "name" : "left-of image-2",
                "meta" : [ {
                  "from" : {
                    "object" : "image-1",
                    "edge" : "right"
                  },
                  "to" : {
                    "object" : "image-2",
                    "edge" : "left"
                  },
                  "expectedDistance" : ">= 0px",
                  "realDistance" : "9px"
                } ],
                "highlight" : [ "image-1", "image-2" ]
              }, {
                "status" : "info",
                "place" : {
                  "filePath" : "pocetna1200.gspec",
                  "lineNumber" : 14
                },
                "name" : "aligned horizontally all image-2",
                "highlight" : [ "image-1", "image-2" ]
              }, {
                "status" : "info",
                "place" : {
                  "filePath" : "pocetna1200.gspec",
                  "lineNumber" : 18
                },
                "name" : "above image-3",
                "meta" : [ {
                  "from" : {
                    "object" : "image-1",
                    "edge" : "bottom"
                  },
                  "to" : {
                    "object" : "image-3",
                    "edge" : "top"
                  },
                  "expectedDistance" : ">= 0px",
                  "realDistance" : "13px"
                } ],
                "highlight" : [ "image-1", "image-3" ]
              }, {
                "status" : "info",
                "place" : {
                  "filePath" : "pocetna1200.gspec",
                  "lineNumber" : 33
                },
                "name" : "width ~ 100% of grid-item-1/width",
                "meta" : [ {
                  "from" : {
                    "object" : "image-1",
                    "edge" : "left"
                  },
                  "to" : {
                    "object" : "image-1",
                    "edge" : "right"
                  },
                  "expectedDistance" : "98 to 102% [450 to 469px]",
                  "realDistance" : "99% [456px]"
                } ],
                "highlight" : [ "image-1" ]
              } ]
            }, {
              "name" : "image-3",
              "specs" : [ {
                "status" : "info",
                "place" : {
                  "filePath" : "pocetna1200.gspec",
                  "lineNumber" : 13
                },
                "name" : "left-of image-4",
                "meta" : [ {
                  "from" : {
                    "object" : "image-3",
                    "edge" : "right"
                  },
                  "to" : {
                    "object" : "image-4",
                    "edge" : "left"
                  },
                  "expectedDistance" : ">= 0px",
                  "realDistance" : "9px"
                } ],
                "highlight" : [ "image-3", "image-4" ]
              }, {
                "status" : "info",
                "place" : {
                  "filePath" : "pocetna1200.gspec",
                  "lineNumber" : 14
                },
                "name" : "aligned horizontally all image-4",
                "highlight" : [ "image-3", "image-4" ]
              }, {
                "status" : "info",
                "place" : {
                  "filePath" : "pocetna1200.gspec",
                  "lineNumber" : 18
                },
                "name" : "above image-5",
                "meta" : [ {
                  "from" : {
                    "object" : "image-3",
                    "edge" : "bottom"
                  },
                  "to" : {
                    "object" : "image-5",
                    "edge" : "top"
                  },
                  "expectedDistance" : ">= 0px",
                  "realDistance" : "13px"
                } ],
                "highlight" : [ "image-3", "image-5" ]
              }, {
                "status" : "info",
                "place" : {
                  "filePath" : "pocetna1200.gspec",
                  "lineNumber" : 33
                },
                "name" : "width ~ 100% of grid-item-3/width",
                "meta" : [ {
                  "from" : {
                    "object" : "image-3",
                    "edge" : "left"
                  },
                  "to" : {
                    "object" : "image-3",
                    "edge" : "right"
                  },
                  "expectedDistance" : "98 to 102% [450 to 469px]",
                  "realDistance" : "99% [456px]"
                } ],
                "highlight" : [ "image-3" ]
              } ]
            }, {
              "name" : "image-5",
              "specs" : [ {
                "status" : "info",
                "place" : {
                  "filePath" : "pocetna1200.gspec",
                  "lineNumber" : 13
                },
                "name" : "left-of image-6",
                "meta" : [ {
                  "from" : {
                    "object" : "image-5",
                    "edge" : "right"
                  },
                  "to" : {
                    "object" : "image-6",
                    "edge" : "left"
                  },
                  "expectedDistance" : ">= 0px",
                  "realDistance" : "9px"
                } ],
                "highlight" : [ "image-5", "image-6" ]
              }, {
                "status" : "info",
                "place" : {
                  "filePath" : "pocetna1200.gspec",
                  "lineNumber" : 14
                },
                "name" : "aligned horizontally all image-6",
                "highlight" : [ "image-5", "image-6" ]
              }, {
                "status" : "info",
                "place" : {
                  "filePath" : "pocetna1200.gspec",
                  "lineNumber" : 18
                },
                "name" : "above image-7",
                "meta" : [ {
                  "from" : {
                    "object" : "image-5",
                    "edge" : "bottom"
                  },
                  "to" : {
                    "object" : "image-7",
                    "edge" : "top"
                  },
                  "expectedDistance" : ">= 0px",
                  "realDistance" : "13px"
                } ],
                "highlight" : [ "image-5", "image-7" ]
              }, {
                "status" : "info",
                "place" : {
                  "filePath" : "pocetna1200.gspec",
                  "lineNumber" : 33
                },
                "name" : "width ~ 100% of grid-item-5/width",
                "meta" : [ {
                  "from" : {
                    "object" : "image-5",
                    "edge" : "left"
                  },
                  "to" : {
                    "object" : "image-5",
                    "edge" : "right"
                  },
                  "expectedDistance" : "98 to 102% [450 to 469px]",
                  "realDistance" : "99% [456px]"
                } ],
                "highlight" : [ "image-5" ]
              } ]
            }, {
              "name" : "image-7",
              "specs" : [ {
                "status" : "info",
                "place" : {
                  "filePath" : "pocetna1200.gspec",
                  "lineNumber" : 13
                },
                "name" : "left-of image-8",
                "meta" : [ {
                  "from" : {
                    "object" : "image-7",
                    "edge" : "right"
                  },
                  "to" : {
                    "object" : "image-8",
                    "edge" : "left"
                  },
                  "expectedDistance" : ">= 0px",
                  "realDistance" : "9px"
                } ],
                "highlight" : [ "image-7", "image-8" ]
              }, {
                "status" : "info",
                "place" : {
                  "filePath" : "pocetna1200.gspec",
                  "lineNumber" : 14
                },
                "name" : "aligned horizontally all image-8",
                "highlight" : [ "image-7", "image-8" ]
              }, {
                "status" : "info",
                "place" : {
                  "filePath" : "pocetna1200.gspec",
                  "lineNumber" : 18
                },
                "name" : "above image-9",
                "meta" : [ {
                  "from" : {
                    "object" : "image-7",
                    "edge" : "bottom"
                  },
                  "to" : {
                    "object" : "image-9",
                    "edge" : "top"
                  },
                  "expectedDistance" : ">= 0px",
                  "realDistance" : "13px"
                } ],
                "highlight" : [ "image-7", "image-9" ]
              }, {
                "status" : "info",
                "place" : {
                  "filePath" : "pocetna1200.gspec",
                  "lineNumber" : 33
                },
                "name" : "width ~ 100% of grid-item-7/width",
                "meta" : [ {
                  "from" : {
                    "object" : "image-7",
                    "edge" : "left"
                  },
                  "to" : {
                    "object" : "image-7",
                    "edge" : "right"
                  },
                  "expectedDistance" : "98 to 102% [450 to 469px]",
                  "realDistance" : "99% [456px]"
                } ],
                "highlight" : [ "image-7" ]
              } ]
            }, {
              "name" : "image-9",
              "specs" : [ {
                "status" : "info",
                "place" : {
                  "filePath" : "pocetna1200.gspec",
                  "lineNumber" : 13
                },
                "name" : "left-of image-10",
                "meta" : [ {
                  "from" : {
                    "object" : "image-9",
                    "edge" : "right"
                  },
                  "to" : {
                    "object" : "image-10",
                    "edge" : "left"
                  },
                  "expectedDistance" : ">= 0px",
                  "realDistance" : "9px"
                } ],
                "highlight" : [ "image-9", "image-10" ]
              }, {
                "status" : "info",
                "place" : {
                  "filePath" : "pocetna1200.gspec",
                  "lineNumber" : 14
                },
                "name" : "aligned horizontally all image-10",
                "highlight" : [ "image-9", "image-10" ]
              }, {
                "status" : "info",
                "place" : {
                  "filePath" : "pocetna1200.gspec",
                  "lineNumber" : 33
                },
                "name" : "width ~ 100% of grid-item-9/width",
                "meta" : [ {
                  "from" : {
                    "object" : "image-9",
                    "edge" : "left"
                  },
                  "to" : {
                    "object" : "image-9",
                    "edge" : "right"
                  },
                  "expectedDistance" : "98 to 102% [450 to 469px]",
                  "realDistance" : "99% [456px]"
                } ],
                "highlight" : [ "image-9" ]
              } ]
            }, {
              "name" : "image-2",
              "specs" : [ {
                "status" : "info",
                "place" : {
                  "filePath" : "pocetna1200.gspec",
                  "lineNumber" : 18
                },
                "name" : "above image-4",
                "meta" : [ {
                  "from" : {
                    "object" : "image-2",
                    "edge" : "bottom"
                  },
                  "to" : {
                    "object" : "image-4",
                    "edge" : "top"
                  },
                  "expectedDistance" : ">= 0px",
                  "realDistance" : "13px"
                } ],
                "highlight" : [ "image-2", "image-4" ]
              }, {
                "status" : "info",
                "place" : {
                  "filePath" : "pocetna1200.gspec",
                  "lineNumber" : 33
                },
                "name" : "width ~ 100% of grid-item-2/width",
                "meta" : [ {
                  "from" : {
                    "object" : "image-2",
                    "edge" : "left"
                  },
                  "to" : {
                    "object" : "image-2",
                    "edge" : "right"
                  },
                  "expectedDistance" : "98 to 102% [450 to 469px]",
                  "realDistance" : "99% [456px]"
                } ],
                "highlight" : [ "image-2" ]
              } ]
            }, {
              "name" : "image-4",
              "specs" : [ {
                "status" : "info",
                "place" : {
                  "filePath" : "pocetna1200.gspec",
                  "lineNumber" : 18
                },
                "name" : "above image-6",
                "meta" : [ {
                  "from" : {
                    "object" : "image-4",
                    "edge" : "bottom"
                  },
                  "to" : {
                    "object" : "image-6",
                    "edge" : "top"
                  },
                  "expectedDistance" : ">= 0px",
                  "realDistance" : "13px"
                } ],
                "highlight" : [ "image-4", "image-6" ]
              }, {
                "status" : "info",
                "place" : {
                  "filePath" : "pocetna1200.gspec",
                  "lineNumber" : 33
                },
                "name" : "width ~ 100% of grid-item-4/width",
                "meta" : [ {
                  "from" : {
                    "object" : "image-4",
                    "edge" : "left"
                  },
                  "to" : {
                    "object" : "image-4",
                    "edge" : "right"
                  },
                  "expectedDistance" : "98 to 102% [450 to 469px]",
                  "realDistance" : "99% [456px]"
                } ],
                "highlight" : [ "image-4" ]
              } ]
            }, {
              "name" : "image-6",
              "specs" : [ {
                "status" : "info",
                "place" : {
                  "filePath" : "pocetna1200.gspec",
                  "lineNumber" : 18
                },
                "name" : "above image-8",
                "meta" : [ {
                  "from" : {
                    "object" : "image-6",
                    "edge" : "bottom"
                  },
                  "to" : {
                    "object" : "image-8",
                    "edge" : "top"
                  },
                  "expectedDistance" : ">= 0px",
                  "realDistance" : "13px"
                } ],
                "highlight" : [ "image-6", "image-8" ]
              }, {
                "status" : "info",
                "place" : {
                  "filePath" : "pocetna1200.gspec",
                  "lineNumber" : 33
                },
                "name" : "width ~ 100% of grid-item-6/width",
                "meta" : [ {
                  "from" : {
                    "object" : "image-6",
                    "edge" : "left"
                  },
                  "to" : {
                    "object" : "image-6",
                    "edge" : "right"
                  },
                  "expectedDistance" : "98 to 102% [450 to 469px]",
                  "realDistance" : "99% [456px]"
                } ],
                "highlight" : [ "image-6" ]
              } ]
            }, {
              "name" : "image-8",
              "specs" : [ {
                "status" : "info",
                "place" : {
                  "filePath" : "pocetna1200.gspec",
                  "lineNumber" : 18
                },
                "name" : "above image-10",
                "meta" : [ {
                  "from" : {
                    "object" : "image-8",
                    "edge" : "bottom"
                  },
                  "to" : {
                    "object" : "image-10",
                    "edge" : "top"
                  },
                  "expectedDistance" : ">= 0px",
                  "realDistance" : "13px"
                } ],
                "highlight" : [ "image-8", "image-10" ]
              }, {
                "status" : "info",
                "place" : {
                  "filePath" : "pocetna1200.gspec",
                  "lineNumber" : 33
                },
                "name" : "width ~ 100% of grid-item-8/width",
                "meta" : [ {
                  "from" : {
                    "object" : "image-8",
                    "edge" : "left"
                  },
                  "to" : {
                    "object" : "image-8",
                    "edge" : "right"
                  },
                  "expectedDistance" : "98 to 102% [450 to 469px]",
                  "realDistance" : "99% [456px]"
                } ],
                "highlight" : [ "image-8" ]
              } ]
            }, {
              "name" : "grid-item-1",
              "specs" : [ {
                "status" : "info",
                "place" : {
                  "filePath" : "pocetna1200.gspec",
                  "lineNumber" : 22
                },
                "name" : "inside grid",
                "meta" : [ ],
                "highlight" : [ "grid-item-1", "grid" ]
              }, {
                "status" : "info",
                "place" : {
                  "filePath" : "pocetna1200.gspec",
                  "lineNumber" : 23
                },
                "name" : "css padding is \"2px\"",
                "highlight" : [ "grid-item-1" ]
              } ]
            }, {
              "name" : "grid-item-2",
              "specs" : [ {
                "status" : "info",
                "place" : {
                  "filePath" : "pocetna1200.gspec",
                  "lineNumber" : 22
                },
                "name" : "inside grid",
                "meta" : [ ],
                "highlight" : [ "grid-item-2", "grid" ]
              }, {
                "status" : "info",
                "place" : {
                  "filePath" : "pocetna1200.gspec",
                  "lineNumber" : 23
                },
                "name" : "css padding is \"2px\"",
                "highlight" : [ "grid-item-2" ]
              } ]
            }, {
              "name" : "grid-item-3",
              "specs" : [ {
                "status" : "info",
                "place" : {
                  "filePath" : "pocetna1200.gspec",
                  "lineNumber" : 22
                },
                "name" : "inside grid",
                "meta" : [ ],
                "highlight" : [ "grid-item-3", "grid" ]
              }, {
                "status" : "info",
                "place" : {
                  "filePath" : "pocetna1200.gspec",
                  "lineNumber" : 23
                },
                "name" : "css padding is \"2px\"",
                "highlight" : [ "grid-item-3" ]
              } ]
            }, {
              "name" : "grid-item-4",
              "specs" : [ {
                "status" : "info",
                "place" : {
                  "filePath" : "pocetna1200.gspec",
                  "lineNumber" : 22
                },
                "name" : "inside grid",
                "meta" : [ ],
                "highlight" : [ "grid-item-4", "grid" ]
              }, {
                "status" : "info",
                "place" : {
                  "filePath" : "pocetna1200.gspec",
                  "lineNumber" : 23
                },
                "name" : "css padding is \"2px\"",
                "highlight" : [ "grid-item-4" ]
              } ]
            }, {
              "name" : "grid-item-5",
              "specs" : [ {
                "status" : "info",
                "place" : {
                  "filePath" : "pocetna1200.gspec",
                  "lineNumber" : 22
                },
                "name" : "inside grid",
                "meta" : [ ],
                "highlight" : [ "grid-item-5", "grid" ]
              }, {
                "status" : "info",
                "place" : {
                  "filePath" : "pocetna1200.gspec",
                  "lineNumber" : 23
                },
                "name" : "css padding is \"2px\"",
                "highlight" : [ "grid-item-5" ]
              } ]
            }, {
              "name" : "grid-item-6",
              "specs" : [ {
                "status" : "info",
                "place" : {
                  "filePath" : "pocetna1200.gspec",
                  "lineNumber" : 22
                },
                "name" : "inside grid",
                "meta" : [ ],
                "highlight" : [ "grid-item-6", "grid" ]
              }, {
                "status" : "info",
                "place" : {
                  "filePath" : "pocetna1200.gspec",
                  "lineNumber" : 23
                },
                "name" : "css padding is \"2px\"",
                "highlight" : [ "grid-item-6" ]
              } ]
            }, {
              "name" : "grid-item-7",
              "specs" : [ {
                "status" : "info",
                "place" : {
                  "filePath" : "pocetna1200.gspec",
                  "lineNumber" : 22
                },
                "name" : "inside grid",
                "meta" : [ ],
                "highlight" : [ "grid-item-7", "grid" ]
              }, {
                "status" : "info",
                "place" : {
                  "filePath" : "pocetna1200.gspec",
                  "lineNumber" : 23
                },
                "name" : "css padding is \"2px\"",
                "highlight" : [ "grid-item-7" ]
              } ]
            }, {
              "name" : "grid-item-8",
              "specs" : [ {
                "status" : "info",
                "place" : {
                  "filePath" : "pocetna1200.gspec",
                  "lineNumber" : 22
                },
                "name" : "inside grid",
                "meta" : [ ],
                "highlight" : [ "grid-item-8", "grid" ]
              }, {
                "status" : "info",
                "place" : {
                  "filePath" : "pocetna1200.gspec",
                  "lineNumber" : 23
                },
                "name" : "css padding is \"2px\"",
                "highlight" : [ "grid-item-8" ]
              } ]
            }, {
              "name" : "grid-item-9",
              "specs" : [ {
                "status" : "info",
                "place" : {
                  "filePath" : "pocetna1200.gspec",
                  "lineNumber" : 22
                },
                "name" : "inside grid",
                "meta" : [ ],
                "highlight" : [ "grid-item-9", "grid" ]
              }, {
                "status" : "info",
                "place" : {
                  "filePath" : "pocetna1200.gspec",
                  "lineNumber" : 23
                },
                "name" : "css padding is \"2px\"",
                "highlight" : [ "grid-item-9" ]
              } ]
            }, {
              "name" : "grid-item-10",
              "specs" : [ {
                "status" : "info",
                "place" : {
                  "filePath" : "pocetna1200.gspec",
                  "lineNumber" : 22
                },
                "name" : "inside grid",
                "meta" : [ ],
                "highlight" : [ "grid-item-10", "grid" ]
              }, {
                "status" : "info",
                "place" : {
                  "filePath" : "pocetna1200.gspec",
                  "lineNumber" : 23
                },
                "name" : "css padding is \"2px\"",
                "highlight" : [ "grid-item-10" ]
              } ]
            }, {
              "name" : "grid",
              "specs" : [ {
                "status" : "info",
                "place" : {
                  "filePath" : "pocetna1200.gspec",
                  "lineNumber" : 26
                },
                "name" : "centered horizontally inside sadrzaj",
                "highlight" : [ "grid", "sadrzaj" ]
              }, {
                "status" : "info",
                "place" : {
                  "filePath" : "pocetna1200.gspec",
                  "lineNumber" : 27
                },
                "name" : "css column-gap is \"5px\"",
                "highlight" : [ "grid" ]
              }, {
                "status" : "info",
                "place" : {
                  "filePath" : "pocetna1200.gspec",
                  "lineNumber" : 28
                },
                "name" : "css row-gap is \"5px\"",
                "highlight" : [ "grid" ]
              }, {
                "status" : "info",
                "place" : {
                  "filePath" : "pocetna1200.gspec",
                  "lineNumber" : 29
                },
                "name" : "below menu",
                "meta" : [ {
                  "from" : {
                    "object" : "grid",
                    "edge" : "top"
                  },
                  "to" : {
                    "object" : "menu",
                    "edge" : "bottom"
                  },
                  "expectedDistance" : ">= 0px",
                  "realDistance" : "35px"
                } ],
                "highlight" : [ "grid", "menu" ]
              } ]
            }, {
              "name" : "image-10",
              "specs" : [ {
                "status" : "info",
                "place" : {
                  "filePath" : "pocetna1200.gspec",
                  "lineNumber" : 33
                },
                "name" : "width ~ 100% of grid-item-10/width",
                "meta" : [ {
                  "from" : {
                    "object" : "image-10",
                    "edge" : "left"
                  },
                  "to" : {
                    "object" : "image-10",
                    "edge" : "right"
                  },
                  "expectedDistance" : "98 to 102% [450 to 469px]",
                  "realDistance" : "99% [456px]"
                } ],
                "highlight" : [ "image-10" ]
              } ]
            } ]
          } ],
          "objects" : {
            "menu_item-3" : {
              "area" : [ 569, 185, 38, 18 ]
            },
            "menu_item-2" : {
              "area" : [ 493, 185, 32, 18 ]
            },
            "menu_item-5" : {
              "area" : [ 775, 185, 41, 18 ]
            },
            "menu_item-4" : {
              "area" : [ 651, 185, 76, 18 ]
            },
            "image-1" : {
              "area" : [ 124, 280, 456, 304 ]
            },
            "menu_item-1" : {
              "area" : [ 394, 185, 54, 18 ]
            },
            "grid-item-9" : {
              "area" : [ 122, 1546, 460, 312 ]
            },
            "grid-item-7" : {
              "area" : [ 122, 1229, 460, 312 ]
            },
            "image-10" : {
              "area" : [ 589, 1548, 456, 304 ]
            },
            "grid-item-8" : {
              "area" : [ 587, 1229, 460, 312 ]
            },
            "grid-item-5" : {
              "area" : [ 122, 912, 460, 312 ]
            },
            "grid-item-6" : {
              "area" : [ 587, 912, 460, 312 ]
            },
            "grid-item-3" : {
              "area" : [ 122, 595, 460, 312 ]
            },
            "grid-item-4" : {
              "area" : [ 587, 595, 460, 312 ]
            },
            "logo" : {
              "area" : [ 9, 61, 1153, 108 ]
            },
            "stavka" : {
              "area" : [ 394, 185, 54, 18 ]
            },
            "grid-item-1" : {
              "area" : [ 122, 278, 460, 312 ]
            },
            "grid-item-2" : {
              "area" : [ 587, 278, 460, 312 ]
            },
            "menu" : {
              "area" : [ 8, 60, 1154, 161 ]
            },
            "sadrzaj" : {
              "area" : [ 8, 231, 1154, 1673 ]
            },
            "image-7" : {
              "area" : [ 124, 1231, 456, 304 ]
            },
            "grid-item-10" : {
              "area" : [ 587, 1546, 460, 312 ]
            },
            "image-6" : {
              "area" : [ 589, 914, 456, 304 ]
            },
            "image-9" : {
              "area" : [ 124, 1548, 456, 304 ]
            },
            "image-8" : {
              "area" : [ 589, 1231, 456, 304 ]
            },
            "image-3" : {
              "area" : [ 124, 597, 456, 304 ]
            },
            "image-2" : {
              "area" : [ 589, 280, 456, 304 ]
            },
            "image-5" : {
              "area" : [ 124, 914, 456, 304 ]
            },
            "grid" : {
              "area" : [ 32, 256, 1106, 1624 ]
            },
            "image-4" : {
              "area" : [ 589, 597, 456, 304 ]
            }
          },
          "screenshot" : "layout-1-screenshot.png",
          "type" : "layout"
        } ],
        "time" : 1573657991416,
        "type" : "node"
      } ],
      "time" : 1573657986218,
      "type" : "node"
    } ]
  }
}