{
  "testId" : "1-pocetna.gspec",
  "name" : "pocetna.gspec",
  "report" : {
    "nodes" : [ {
      "name" : "Simple check",
      "status" : "info",
      "nodes" : [ {
        "name" : "check  pocetna.gspec --url http://localhost/pocetna.html --size 1366x768 --htmlreport izvjestaj_pocetna",
        "status" : "info",
        "nodes" : [ {
          "name" : "Check layout: pocetna.gspec included tags: ",
          "status" : "info",
          "time" : 1573602306513,
          "sections" : [ {
            "name" : "Body section",
            "place" : {
              "filePath" : "pocetna.gspec",
              "lineNumber" : 8
            },
            "objects" : [ {
              "name" : "header",
              "specs" : [ {
                "status" : "info",
                "place" : {
                  "filePath" : "pocetna.gspec",
                  "lineNumber" : 10
                },
                "name" : "inside body",
                "meta" : [ ],
                "highlight" : [ "header", "body" ]
              }, {
                "status" : "info",
                "place" : {
                  "filePath" : "pocetna.gspec",
                  "lineNumber" : 11
                },
                "name" : "above sadrzaj",
                "meta" : [ {
                  "from" : {
                    "object" : "header",
                    "edge" : "bottom"
                  },
                  "to" : {
                    "object" : "sadrzaj",
                    "edge" : "top"
                  },
                  "expectedDistance" : ">= 0px",
                  "realDistance" : "0px"
                } ],
                "highlight" : [ "header", "sadrzaj" ]
              }, {
                "status" : "info",
                "place" : {
                  "filePath" : "pocetna.gspec",
                  "lineNumber" : 12
                },
                "name" : "width 100 % of body/width",
                "meta" : [ {
                  "from" : {
                    "object" : "header",
                    "edge" : "left"
                  },
                  "to" : {
                    "object" : "header",
                    "edge" : "right"
                  },
                  "expectedDistance" : "100% [1319px]",
                  "realDistance" : "100% [1319px]"
                } ],
                "highlight" : [ "header" ]
              }, {
                "status" : "info",
                "place" : {
                  "filePath" : "pocetna.gspec",
                  "lineNumber" : 13
                },
                "name" : "height = 90px",
                "meta" : [ {
                  "from" : {
                    "object" : "header",
                    "edge" : "top"
                  },
                  "to" : {
                    "object" : "header",
                    "edge" : "bottom"
                  },
                  "expectedDistance" : "90px",
                  "realDistance" : "90px"
                } ],
                "highlight" : [ "header" ]
              } ]
            }, {
              "name" : "sadrzaj",
              "specs" : [ {
                "status" : "info",
                "place" : {
                  "filePath" : "pocetna.gspec",
                  "lineNumber" : 16
                },
                "name" : "inside body",
                "meta" : [ ],
                "highlight" : [ "sadrzaj", "body" ]
              }, {
                "status" : "info",
                "place" : {
                  "filePath" : "pocetna.gspec",
                  "lineNumber" : 17
                },
                "name" : "below header",
                "meta" : [ {
                  "from" : {
                    "object" : "sadrzaj",
                    "edge" : "top"
                  },
                  "to" : {
                    "object" : "header",
                    "edge" : "bottom"
                  },
                  "expectedDistance" : ">= 0px",
                  "realDistance" : "0px"
                } ],
                "highlight" : [ "sadrzaj", "header" ]
              }, {
                "status" : "info",
                "place" : {
                  "filePath" : "pocetna.gspec",
                  "lineNumber" : 18
                },
                "name" : "width 100 % of body/width",
                "meta" : [ {
                  "from" : {
                    "object" : "sadrzaj",
                    "edge" : "left"
                  },
                  "to" : {
                    "object" : "sadrzaj",
                    "edge" : "right"
                  },
                  "expectedDistance" : "100% [1319px]",
                  "realDistance" : "100% [1319px]"
                } ],
                "highlight" : [ "sadrzaj" ]
              }, {
                "status" : "info",
                "place" : {
                  "filePath" : "pocetna.gspec",
                  "lineNumber" : 19
                },
                "name" : "height >75% of body/width",
                "meta" : [ {
                  "from" : {
                    "object" : "sadrzaj",
                    "edge" : "top"
                  },
                  "to" : {
                    "object" : "sadrzaj",
                    "edge" : "bottom"
                  },
                  "expectedDistance" : "> 75% [989px]",
                  "realDistance" : "79% [1050px]"
                } ],
                "highlight" : [ "sadrzaj" ]
              } ]
            } ]
          }, {
            "name" : "Header section",
            "place" : {
              "filePath" : "pocetna.gspec",
              "lineNumber" : 21
            },
            "objects" : [ {
              "name" : "meni",
              "specs" : [ {
                "status" : "info",
                "place" : {
                  "filePath" : "pocetna.gspec",
                  "lineNumber" : 23
                },
                "name" : "inside header 0px left, 55px top",
                "meta" : [ {
                  "from" : {
                    "object" : "meni",
                    "edge" : "left"
                  },
                  "to" : {
                    "object" : "header",
                    "edge" : "left"
                  },
                  "expectedDistance" : "0px",
                  "realDistance" : "0px"
                }, {
                  "from" : {
                    "object" : "meni",
                    "edge" : "top"
                  },
                  "to" : {
                    "object" : "header",
                    "edge" : "top"
                  },
                  "expectedDistance" : "55px",
                  "realDistance" : "55px"
                } ],
                "highlight" : [ "meni", "header" ]
              }, {
                "status" : "info",
                "place" : {
                  "filePath" : "pocetna.gspec",
                  "lineNumber" : 24
                },
                "name" : "below logo",
                "meta" : [ {
                  "from" : {
                    "object" : "meni",
                    "edge" : "top"
                  },
                  "to" : {
                    "object" : "logo",
                    "edge" : "bottom"
                  },
                  "expectedDistance" : ">= 0px",
                  "realDistance" : "3px"
                } ],
                "highlight" : [ "meni", "logo" ]
              }, {
                "status" : "info",
                "place" : {
                  "filePath" : "pocetna.gspec",
                  "lineNumber" : 25
                },
                "name" : "width < 50% of header/width",
                "meta" : [ {
                  "from" : {
                    "object" : "meni",
                    "edge" : "left"
                  },
                  "to" : {
                    "object" : "meni",
                    "edge" : "right"
                  },
                  "expectedDistance" : "< 50% [659px]",
                  "realDistance" : "36% [487px]"
                } ],
                "highlight" : [ "meni" ]
              } ]
            }, {
              "name" : "logo",
              "specs" : [ {
                "status" : "info",
                "place" : {
                  "filePath" : "pocetna.gspec",
                  "lineNumber" : 30
                },
                "name" : "inside partly header -51px top",
                "meta" : [ {
                  "from" : {
                    "object" : "logo",
                    "edge" : "top"
                  },
                  "to" : {
                    "object" : "header",
                    "edge" : "top"
                  },
                  "expectedDistance" : "-51px",
                  "realDistance" : "-51px"
                } ],
                "highlight" : [ "logo", "header" ]
              }, {
                "status" : "info",
                "place" : {
                  "filePath" : "pocetna.gspec",
                  "lineNumber" : 31
                },
                "name" : "above meni",
                "meta" : [ {
                  "from" : {
                    "object" : "logo",
                    "edge" : "bottom"
                  },
                  "to" : {
                    "object" : "meni",
                    "edge" : "top"
                  },
                  "expectedDistance" : ">= 0px",
                  "realDistance" : "3px"
                } ],
                "highlight" : [ "logo", "meni" ]
              }, {
                "status" : "info",
                "place" : {
                  "filePath" : "pocetna.gspec",
                  "lineNumber" : 32
                },
                "name" : "height > 50px",
                "meta" : [ {
                  "from" : {
                    "object" : "logo",
                    "edge" : "top"
                  },
                  "to" : {
                    "object" : "logo",
                    "edge" : "bottom"
                  },
                  "expectedDistance" : "> 50px",
                  "realDistance" : "103px"
                } ],
                "highlight" : [ "logo" ]
              } ]
            } ]
          } ],
          "objects" : {
            "meni" : {
              "area" : [ 8, 106, 487, 22 ]
            },
            "header" : {
              "area" : [ 8, 51, 1319, 90 ]
            },
            "logo" : {
              "area" : [ 8, 0, 1319, 103 ]
            },
            "body" : {
              "area" : [ 8, 8, 1319, 1183 ]
            },
            "sadrzaj" : {
              "area" : [ 8, 141, 1319, 1050 ]
            }
          },
          "screenshot" : "layout-1-screenshot.png",
          "type" : "layout"
        } ],
        "time" : 1573602302689,
        "type" : "node"
      } ],
      "time" : 1573602292084,
      "type" : "node"
    } ]
  }
}